<?xml version="1.0"?>
<COLLADA xmlns="http://www.collada.org/2005/11/COLLADASchema" version="1.4.1">
  <asset>
    <contributor>
      <author>Assimp</author>
      <authoring_tool>Assimp Exporter</authoring_tool>
    </contributor>
    <created>2020-03-26T00:37:01</created>
    <modified>2020-03-26T00:37:01</modified>
    <unit name="meter" meter="0.01" />
    <up_axis>Y_UP</up_axis>
  </asset>
  <library_effects>
    <effect id="_1-fx" name="_1">
      <profile_COMMON>
        <technique sid="standard">
          <phong>
            <diffuse>
              <color sid="diffuse">0.490196   0.490196   0.490196   1</color>
            </diffuse>
          </phong>
        </technique>
      </profile_COMMON>
    </effect>
    <effect id="_2-fx" name="_2">
      <profile_COMMON>
        <technique sid="standard">
          <phong>
            <diffuse>
              <color sid="diffuse">0.141176   0.141176   0.137255   1</color>
            </diffuse>
          </phong>
        </technique>
      </profile_COMMON>
    </effect>
  </library_effects>
  <library_materials>
    <material id="_1" name="_1">
      <instance_effect url="#_1-fx"/>
    </material>
    <material id="_2" name="_2">
      <instance_effect url="#_2-fx"/>
    </material>
  </library_materials>
  <library_geometries>
    <geometry id="meshId0" name="meshId0_name" >
      <mesh>
        <source id="meshId0-positions" name="meshId0-positions">
          <float_array id="meshId0-positions-array" count="183"> -0.0548888 -0.0162571 0.947447 -0.0274443 -0.0155026 0.933809 -0.0274485 -0.0777422 0.930359 1.60928e-16 -0.0162603 0.947447 -0.0548888 -0.0162571 0.947447 -0.0548929 -0.0784967 0.943998 -0.0548931 -0.0800078 0.971275 -0.0274446 -0.0185259 0.988363 -0.0274487 -0.0807666 0.984913 -4.23721e-06 -0.0800121 0.971275 -0.0548929 -0.0784967 0.943998 -0.0548931 -0.0800078 0.971275 -1.34118e-07 -0.0177725 0.974724 -0.0274446 -0.0185259 0.988363 -0.0274443 -0.0155026 0.933809 -0.0548888 -0.0162571 0.947447 -0.054889 -0.0177682 0.974724 -0.0274487 -0.0807666 0.984913 -0.0548931 -0.0800078 0.971275 -0.0548929 -0.0784967 0.943998 -1.34118e-07 -0.0177725 0.974724 1.60928e-16 -0.0162603 0.947447 -0.0274485 -0.0777422 0.930359 -4.23721e-06 -0.0800121 0.971275 -0.054889 -0.0177682 0.974724 -4.10309e-06 -0.0784999 0.943998 -4.10309e-06 -0.0784999 0.943998 -0.054889 -0.0177682 0.974724 1.60928e-16 -0.0162603 0.947447 -1.34118e-07 -0.0177725 0.974724 0.0274359 -0.0155026 0.933809 0.0274361 -0.0185259 0.988363 0.0548804 -0.0162571 0.947447 0.0548805 -0.0177682 0.974724 -4.23721e-06 -0.0800121 0.971275 0.02744 -0.0777422 0.930359 0.0274402 -0.0807666 0.984913 0.0548845 -0.0784967 0.943998 -4.10309e-06 -0.0784999 0.943998 -4.10309e-06 -0.0784999 0.943998 1.60928e-16 -0.0162603 0.947447 0.02744 -0.0777422 0.930359 0.0548805 -0.0177682 0.974724 0.0274361 -0.0185259 0.988363 0.0548846 -0.0800078 0.971275 0.0548805 -0.0177682 0.974724 0.0548846 -0.0800078 0.971275 0.0548804 -0.0162571 0.947447 0.0548846 -0.0800078 0.971275 0.0274359 -0.0155026 0.933809 0.02744 -0.0777422 0.930359 1.60928e-16 -0.0162603 0.947447 0.0548845 -0.0784967 0.943998 0.0274402 -0.0807666 0.984913 0.0548845 -0.0784967 0.943998 0.0548804 -0.0162571 0.947447 -4.23721e-06 -0.0800121 0.971275 0.0274359 -0.0155026 0.933809 -1.34118e-07 -0.0177725 0.974724 -4.23721e-06 -0.0800121 0.971275 0.0274361 -0.0185259 0.988363 </float_array>
          <technique_common>
            <accessor count="61" offset="0" source="#meshId0-positions-array" stride="3">
              <param name="X" type="float" />
              <param name="Y" type="float" />
              <param name="Z" type="float" />
            </accessor>
          </technique_common>
        </source>
        <source id="meshId0-normals" name="meshId0-normals">
          <float_array id="meshId0-normals-array" count="183"> -0.445573 0.0495747 -0.893872 3.89877e-06 0.0553429 -0.998467 3.89877e-06 0.0553429 -0.998467 0.44558 0.049516 -0.893872 -1 6.59939e-05 -1.25896e-06 -1 6.59939e-05 -1.25896e-06 -1 6.59939e-05 -1.25896e-06 -3.89877e-06 -0.0553429 0.998467 -3.89877e-06 -0.0553429 0.998467 0.445573 -0.0495747 0.893872 -0.445573 0.0495747 -0.893872 -0.44558 -0.049516 0.893872 0.445573 -0.0495747 0.893872 6.5823e-05 0.998467 0.0553429 6.5823e-05 0.998467 0.0553429 6.5823e-05 0.998467 0.0553429 -1 6.59939e-05 -1.25896e-06 -6.5823e-05 -0.998467 -0.0553429 -6.5823e-05 -0.998467 -0.0553429 -6.5823e-05 -0.998467 -0.0553429 6.5823e-05 0.998467 0.0553429 6.5823e-05 0.998467 0.0553429 -6.5823e-05 -0.998467 -0.0553429 -6.5823e-05 -0.998467 -0.0553429 6.5823e-05 0.998467 0.0553429 -6.5823e-05 -0.998467 -0.0553429 0.44558 0.049516 -0.893872 -0.44558 -0.049516 0.893872 -6.58437e-05 0.998467 0.0553429 -6.58432e-05 0.998467 0.0553429 -6.58365e-05 0.998467 0.0553429 -6.58296e-05 0.998467 0.0553429 -6.5823e-05 0.998467 0.0553429 -6.5823e-05 0.998467 0.0553429 6.58235e-05 -0.998467 -0.0553429 6.58234e-05 -0.998467 -0.0553429 6.5823e-05 -0.998467 -0.0553429 6.5823e-05 -0.998467 -0.0553429 6.5824e-05 -0.998467 -0.0553429 -0.445584 0.0495745 -0.893867 -0.445637 0.0495437 -0.893842 -3.56753e-05 0.0553592 -0.998466 0.44558 -0.049516 0.893872 -2.59274e-05 -0.0553265 0.998468 0.44558 -0.049516 0.893872 1 6.59939e-05 -1.25896e-06 1 6.59939e-05 -1.25896e-06 1 6.59939e-05 -1.25896e-06 6.5823e-05 -0.998467 -0.0553429 -6.55017e-05 0.0553429 -0.998467 -3.56753e-05 0.0553592 -0.998466 -0.445637 0.0495437 -0.893842 1 6.59939e-05 -1.25896e-06 3.89877e-06 -0.0553429 0.998467 0.445573 0.0495747 -0.893872 0.445573 0.0495747 -0.893872 -0.445627 -0.049544 0.893847 -6.55017e-05 0.0553429 -0.998467 -0.44568 -0.0495132 0.893822 -0.445627 -0.049544 0.893847 -2.59274e-05 -0.0553265 0.998468 </float_array>
          <technique_common>
            <accessor count="61" offset="0" source="#meshId0-normals-array" stride="3">
              <param name="X" type="float" />
              <param name="Y" type="float" />
              <param name="Z" type="float" />
            </accessor>
          </technique_common>
        </source>
        <source id="meshId0-tangents" name="meshId0-tangents">
          <float_array id="meshId0-tangents-array" count="183"> 0.895245 0.0246118 -0.444893 1 -5.86116e-05 6.49147e-07 1 -5.85403e-05 6.49149e-07 0.895242 -0.0247167 0.444894 4.90746e-06 0.0553145 -0.998469 4.90744e-06 0.0553143 -0.998469 4.90745e-06 0.0553144 -0.998469 -1 7.81422e-05 4.32761e-07 -1 7.82179e-05 4.32755e-07 -0.895245 -0.0246017 0.444894 0.895245 0.0246119 -0.444893 -0.895242 0.0247417 -0.444893 -0.895245 -0.024577 0.444895 0.895242 -0.0247185 0.444894 0.895242 -0.0247185 0.444893 0.895243 -0.0247184 0.444892 4.90746e-06 0.0553146 -0.998469 0.895242 -0.0247185 0.444893 0.895242 -0.0247186 0.444895 0.89524 -0.0247187 0.444897 0.895242 -0.0247186 0.444895 0.895242 -0.0247186 0.444895 0.895242 -0.0247186 0.444895 0.895243 -0.0247184 0.444891 0.895242 -0.0247185 0.444893 0.895242 -0.0247185 0.444893 0.895242 -0.0247167 0.444894 -0.895242 0.0247168 -0.444894 -0.895244 -0.0247184 0.444891 -0.895245 -0.0247182 0.444888 -0.895244 -0.0247183 0.44489 -0.895244 -0.0247183 0.44489 -0.895243 -0.0247184 0.444892 -0.895242 -0.0247185 0.444893 -0.895243 -0.0247184 0.444892 -0.895241 -0.0247186 0.444896 -0.895242 -0.0247185 0.444893 -0.89524 -0.0247187 0.444897 -0.895241 -0.0247187 0.444897 -0.89524 -0.0247169 0.444898 -0.895214 -0.0247199 0.444951 -1 -5.75361e-05 3.25568e-05 0.895242 0.0247168 -0.444894 1 7.30371e-05 3.00334e-05 0.895242 0.0247417 -0.444893 -4.90747e-06 0.0553147 -0.998469 -4.90745e-06 0.0553145 -0.998469 -4.90746e-06 0.0553146 -0.998469 -0.895242 -0.0247186 0.444895 -1 -5.71288e-05 6.24533e-05 -1 -4.73359e-05 3.31247e-05 -0.895214 -0.0247107 0.444952 -4.90745e-06 0.0553144 -0.998469 1 7.81618e-05 4.32755e-07 -0.895245 0.0246119 -0.444893 -0.895245 0.0246118 -0.444893 0.895219 -0.0246149 0.444946 -1 -5.67273e-05 6.24533e-05 0.895192 -0.0245783 0.445002 0.895219 -0.0245754 0.444949 1 8.74681e-05 3.07942e-05 </float_array>
          <technique_common>
            <accessor count="61" offset="0" source="#meshId0-tangents-array" stride="3">
              <param name="X" type="float" />
              <param name="Y" type="float" />
              <param name="Z" type="float" />
            </accessor>
          </technique_common>
        </source>
        <source id="meshId0-bitangents" name="meshId0-bitangents">
          <float_array id="meshId0-bitangents-array" count="183"> 5.56596e-05 0.998467 0.0553479 5.84859e-05 0.998467 0.0553429 5.84147e-05 0.998467 0.0553429 6.4183e-05 0.998468 0.0553421 6.58232e-05 0.998469 0.0553145 6.58232e-05 0.998469 0.0553143 6.58232e-05 0.998469 0.0553144 7.80464e-05 0.998467 0.0553429 7.8122e-05 0.998467 0.0553429 6.47455e-05 0.998467 0.0553434 5.55683e-05 0.998467 0.055348 8.65646e-05 0.998467 0.0553532 8.68887e-05 0.998468 0.0553324 -0.44558 -0.049516 0.893872 -0.44558 -0.049516 0.893872 -0.445579 -0.049516 0.893872 6.58232e-05 0.998469 0.0553146 0.44558 0.049516 -0.893872 0.445581 0.049516 -0.893871 0.445583 0.0495159 -0.89387 -0.445581 -0.049516 0.893871 -0.445581 -0.049516 0.893871 0.445581 0.049516 -0.893871 0.445577 0.0495161 -0.893873 -0.44558 -0.049516 0.893872 0.44558 0.049516 -0.893872 6.41644e-05 0.998468 0.0553421 6.43078e-05 0.998467 0.0553421 0.445577 -0.0495161 0.893873 0.445574 -0.0495161 0.893874 0.445576 -0.0495161 0.893873 0.445576 -0.0495161 0.893874 0.445579 -0.049516 0.893872 0.44558 -0.049516 0.893872 -0.445578 0.049516 -0.893873 -0.445582 0.0495159 -0.893871 -0.44558 0.049516 -0.893872 -0.445583 0.0495159 -0.89387 -0.445583 0.0495159 -0.89387 -3.80632e-05 0.998465 0.0553945 -5.11333e-05 0.998466 0.0553683 -5.56456e-05 0.998466 0.0553592 -6.43097e-05 0.998467 0.0553421 -7.45869e-05 0.998468 0.0553265 -8.65664e-05 0.998467 0.0553532 -6.58232e-05 0.998469 0.0553147 -6.58232e-05 0.998469 0.0553145 -6.58232e-05 0.998469 0.0553146 -0.445581 0.049516 -0.893871 -5.35849e-05 0.998467 0.0553429 -4.54295e-05 0.998466 0.0553592 -4.29451e-05 0.998466 0.0553642 -6.58232e-05 0.998469 0.0553144 -7.80659e-05 0.998467 0.0553429 -5.55702e-05 0.998467 0.055348 -5.56577e-05 0.998467 0.0553479 -4.24981e-05 0.998469 0.0553218 -5.3184e-05 0.998467 0.0553429 -6.48182e-05 0.998471 0.0552779 -7.7894e-05 0.99847 0.0553042 -8.90379e-05 0.998468 0.0553265 </float_array>
          <technique_common>
            <accessor count="61" offset="0" source="#meshId0-bitangents-array" stride="3">
              <param name="X" type="float" />
              <param name="Y" type="float" />
              <param name="Z" type="float" />
            </accessor>
          </technique_common>
        </source>
        <source id="meshId0-tex0" name="meshId0-tex0">
          <float_array id="meshId0-tex0-array" count="122"> 0.608733 0.567335 0.621777 0.567335 0.621777 0.540812 0.634821 0.567335 0.608733 0.567335 0.608733 0.540812 0.597109 0.540812 0.584066 0.567335 0.584066 0.540812 0.571022 0.540812 0.608733 0.540812 0.597109 0.540812 0.571022 0.567335 0.632136 0.588148 0.621777 0.567335 0.613913 0.577742 0.597109 0.567335 0.632136 0.52 0.619092 0.52 0.613913 0.530406 0.64 0.577742 0.634821 0.567335 0.621777 0.540812 0.64 0.530406 0.619092 0.588148 0.634821 0.540812 0.634821 0.540812 0.597109 0.567335 0.634817 0.567337 0.639997 0.577743 0.621777 0.567335 0.632136 0.588148 0.613913 0.577742 0.619092 0.588148 0.64 0.530406 0.621777 0.540812 0.632136 0.52 0.613913 0.530406 0.634821 0.540812 0.634823 0.540819 0.63482 0.567342 0.621779 0.540819 0.597109 0.567335 0.584066 0.567335 0.597109 0.540812 0.597109 0.567335 0.597109 0.540812 0.608733 0.567335 0.619092 0.52 0.621829 0.567335 0.621829 0.540812 0.634869 0.567335 0.608733 0.540812 0.584066 0.540812 0.608733 0.540812 0.608733 0.567335 0.571022 0.540812 0.621777 0.567335 0.571078 0.567327 0.571075 0.540804 0.584119 0.567327 </float_array>
          <technique_common>
            <accessor count="61" offset="0" source="#meshId0-tex0-array" stride="2">
              <param name="S" type="float" />
              <param name="T" type="float" />
            </accessor>
          </technique_common>
        </source>
        <vertices id="meshId0-vertices">
          <input semantic="POSITION" source="#meshId0-positions" />
        </vertices>
        <polylist count="36" material="defaultMaterial">
          <input offset="0" semantic="VERTEX" source="#meshId0-vertices" />
          <input offset="0" semantic="NORMAL" source="#meshId0-normals" />
          <input offset="0" semantic="TANGENT" source="#meshId0-tangents" />
          <input offset="0" semantic="BINORMAL" source="#meshId0-bitangents" />
          <input offset="0" semantic="TEXCOORD" source="#meshId0-tex0" set="0" />
          <vcount>3 3 3 3 3 3 3 3 3 3 3 3 3 3 3 3 3 3 3 3 3 3 3 3 3 3 3 3 3 3 3 3 3 3 3 3 </vcount>
          <p>0 1 2 2 1 3 4 5 6 7 8 9 2 10 0 11 8 7 9 12 7 13 14 15 6 16 4 17 18 19 20 21 14 22 23 17 13 20 14 15 24 13 19 22 17 22 25 23 3 26 2 7 27 11 28 29 30 29 31 30 30 31 32 33 32 31 34 35 36 35 37 36 38 35 34 39 40 41 42 43 44 45 46 47 48 36 37 49 50 51 52 47 46 53 44 43 54 41 55 53 43 56 57 55 41 58 59 60 </p>
        </polylist>
      </mesh>
    </geometry>
    <geometry id="meshId1" name="meshId1_name" >
      <mesh>
        <source id="meshId1-positions" name="meshId1-positions">
          <float_array id="meshId1-positions-array" count="693"> -0.601885 -0.135174 0.731444 -0.603211 0.0709678 0.766899 -0.640779 0.000593738 0.614128 9.90328e-17 0.131145 -1 0.172592 0.130016 -0.969314 9.90328e-17 0.0193769 -0.986831 0.60512 0.0680752 0.767629 0.635717 -0.110101 0.84544 0.612953 -0.137942 0.761074 -0.578495 -0.0374023 0.831469 -0.587543 0.0691501 0.76854 -0.578495 0.000981704 0.833257 -0.619545 0.000218633 0.833935 -0.619545 -0.111666 0.828722 0.597552 -0.137876 0.761179 0.608217 0.00405649 0.51207 0.600746 -0.083163 0.490149 0.172592 0.0196587 -0.969314 0.303109 0.0244912 -0.920936 0.303109 0.132685 -0.912157 0.625457 0.00455699 0.514858 0.61535 0.122214 0.534962 0.622879 0.0137771 0.845595 -0.59981 0.11885 0.53672 -0.623301 0.101313 0.634024 -0.623374 0.0681523 0.627272 0.167727 0.0196587 -0.952473 0.172592 0.0196587 -0.969314 0.295102 0.0244912 -0.905397 0.632954 0.205712 0.211437 0.649966 0.206478 0.220398 0.685971 0.253429 -0.0274832 0.703141 0.260367 -0.0188017 0.597552 -0.137876 0.761179 0.608216 -0.137883 0.761166 0.707246 0.169717 -0.048078 0.72062 0.236621 -0.245791 -0.630189 0.10192 0.634391 -0.639884 0.103997 0.635158 0.295102 0.0244912 -0.905397 0.708234 0.0708895 -0.0753443 0.681716 0.307927 -0.235301 -0.617106 0.122207 0.540039 0.650033 0.111498 0.192504 0.640029 0.0168476 0.173504 0.655142 0.214852 -0.443211 0.653121 0.0846773 -0.43692 0.715623 0.146543 -0.254765 0.660165 0.313505 -0.457571 0.671578 0.214619 -0.44886 0.571325 0.289465 -0.677078 0.72441 0.17202 -0.0456786 0.725485 0.0724821 -0.0733201 0.738007 0.239363 -0.245154 0.598054 0.122281 0.533387 0.643345 0.313903 -0.453252 0.571325 0.162707 -0.677078 0.73303 0.148893 -0.255829 0.699087 0.310334 -0.235578 -0.61976 -0.0794301 0.497296 -0.602502 -0.0780347 0.492106 -0.641214 -0.0982368 0.591764 0.434586 0.0346126 -0.810974 0.542445 0.0458432 -0.667801 0.556773 0.162707 -0.667526 0.657194 0.0183802 0.170185 0.640029 0.0168476 0.173504 0.708234 0.0708895 -0.0753443 0.294683 0.132685 -0.896899 0.295102 0.0244912 -0.905397 0.725485 0.0724821 -0.0733201 0.708234 0.0708895 -0.0753443 0.715623 0.146543 -0.254765 0.167727 0.130016 -0.952473 9.90328e-17 0.131145 -0.982815 9.90328e-17 0.0193769 -0.969646 -0.631109 -0.0993879 0.593421 0.167727 0.257932 -0.952473 0.167727 0.0196587 -0.952473 0.669823 0.0849345 -0.438786 0.653121 0.0846773 -0.43692 0.542445 0.0458432 -0.667801 0.542445 0.0458432 -0.667801 0.557278 0.0458432 -0.677078 0.669823 0.0849345 -0.438786 9.90328e-17 0.131145 -0.982815 0.715623 0.146543 -0.254765 0.55706 0.289465 -0.667235 0.434586 0.274035 -0.810974 -0.618433 0.0194069 0.518972 0.73303 0.148893 -0.255829 0.715623 0.146543 -0.254765 0.653121 0.0846773 -0.43692 0.708234 0.0708895 -0.0753443 0.657194 0.0183802 0.170185 0.618004 -0.0846162 0.495355 0.600746 -0.083163 0.490149 0.640029 0.0168476 0.173504 0.653121 0.0846773 -0.43692 0.640029 0.0168476 0.173504 -0.586654 -0.135115 0.731581 -0.624424 -0.016928 0.60998 -0.623796 -0.0575304 0.601688 -0.624277 -0.0993011 0.593197 -0.601194 -0.00636929 0.514435 0.445675 0.274035 -0.824446 0.303109 0.267005 -0.912157 0.294265 0.267005 -0.897179 -0.602502 -0.0780347 0.492106 0.557278 0.0458432 -0.677078 0.542445 0.0458432 -0.667801 0.434586 0.0346126 -0.810974 0.172592 0.257932 -0.969314 0.434586 0.0346126 -0.810974 0.445675 0.0346126 -0.824446 0.582232 0.0145991 0.844979 0.595225 -0.110838 0.844822 0.588612 0.0680248 0.767691 -0.578495 -0.112248 0.827982 -0.598462 -0.108413 0.849239 -0.59902 0.00415188 0.854493 -0.578495 -0.112248 0.827982 -0.598462 -0.108413 0.849239 -0.586654 -0.135115 0.731581 -0.59902 0.00415188 0.854493 -0.578495 0.000981704 0.833257 -0.619545 -0.111666 0.828722 -0.619545 0.000218633 0.833935 0.602556 0.0191411 0.862543 0.635717 -0.110101 0.84544 0.615471 -0.105516 0.862387 0.597552 -0.137876 0.761179 0.582232 0.0145991 0.844979 0.595225 -0.110838 0.844822 -0.295102 0.0244912 -0.905397 -0.303109 0.0244912 -0.920936 -0.172592 0.0196587 -0.969314 -0.707246 0.169717 -0.0182273 -0.708234 0.0708895 -0.0454936 -0.72062 0.236621 -0.245791 -0.629442 0.182885 0.259725 -0.62984 0.0886717 0.240792 -0.685971 0.253429 0.00236742 0.600746 -0.083163 0.490149 0.608216 -0.137883 0.761166 0.597552 -0.137876 0.761179 -0.167727 0.0196587 -0.952473 -0.646454 0.19243 0.268686 -0.636518 0.00280043 0.221791 -0.681716 0.307927 -0.235301 0.635717 -0.110101 0.84544 0.622879 0.0137771 0.845595 0.615471 -0.105516 0.862387 -0.703141 0.260367 0.0110489 -0.655142 0.214852 -0.443211 -0.715623 0.146543 -0.254765 -0.653121 0.0846773 -0.43692 -0.172592 0.130016 -0.969314 9.90328e-17 0.131145 -1 9.90328e-17 0.0193769 -0.986831 -0.303109 0.132685 -0.912157 0.667189 0.113378 0.195351 0.434586 0.0346126 -0.810974 -0.671578 0.214619 -0.44886 -0.660165 0.313505 -0.457571 -0.571325 0.289465 -0.677078 -0.72441 0.17202 -0.0158279 -0.738007 0.239363 -0.245154 -0.643345 0.313903 -0.453252 -0.571325 0.162707 -0.677078 -0.73303 0.148893 -0.255829 -0.725485 0.0724821 -0.0434695 0.295102 0.0244912 -0.905397 0.303109 0.0244912 -0.920936 0.434586 0.0346126 -0.810974 -0.699087 0.310334 -0.235578 -0.542445 0.0458432 -0.667801 -0.434586 0.0346126 -0.810974 -0.556773 0.162707 -0.667526 -0.55706 0.289465 -0.667235 -0.434586 0.274035 -0.810974 -0.167727 0.130016 -0.952473 9.90328e-17 0.131145 -0.982815 -0.167727 0.257932 -0.952473 9.90328e-17 0.131145 -0.982815 -0.167727 0.130016 -0.952473 9.90328e-17 0.0193769 -0.969646 -0.167727 0.0196587 -0.952473 9.90328e-17 0.0193769 -0.969646 -0.557278 0.0458432 -0.677078 -0.542445 0.0458432 -0.667801 -0.669823 0.0849345 -0.438786 -0.294683 0.132685 -0.896899 -0.636518 0.00280043 0.221791 -0.653682 0.004333 0.218473 -0.708234 0.0708895 -0.0454936 -0.715623 0.146543 -0.254765 -0.653121 0.0846773 -0.43692 -0.295102 0.0244912 -0.905397 -0.624277 -0.0993011 0.593197 -0.172592 0.257932 -0.969314 -0.294265 0.267005 -0.897179 -0.303109 0.267005 -0.912157 -0.445675 0.0346126 -0.824446 -0.434586 0.0346126 -0.810974 -0.445675 0.274035 -0.824446 -0.646996 0.0993311 0.243639 9.90328e-17 0.0193769 -0.969646 9.90328e-17 0.0193769 -0.986831 -0.167727 0.257932 -0.952473 9.90328e-17 0.260474 -0.982815 9.90328e-17 0.260474 -1 9.90328e-17 0.260474 -1 9.90328e-17 0.131145 -1 9.90328e-17 0.260474 -0.982815 0.167727 0.257932 -0.952473 9.90328e-17 0.260474 -1 9.90328e-17 0.260474 -1 9.90328e-17 0.0193769 -0.969646 -0.167727 0.0196587 -0.952473 9.90328e-17 0.0193769 -0.986831 0.167727 0.0196587 -0.952473 9.90328e-17 0.0193769 -0.969646 0.172592 0.0196587 -0.969314 9.90328e-17 0.131145 -1 -0.172592 0.257932 -0.969314 0.172592 0.257932 -0.969314 9.90328e-17 0.131145 -1 9.90328e-17 0.131145 -0.982815 0.602556 0.0191411 0.862543 9.90328e-17 0.131145 -0.982815 </float_array>
          <technique_common>
            <accessor count="231" offset="0" source="#meshId1-positions-array" stride="3">
              <param name="X" type="float" />
              <param name="Y" type="float" />
              <param name="Z" type="float" />
            </accessor>
          </technique_common>
        </source>
        <source id="meshId1-normals" name="meshId1-normals">
          <float_array id="meshId1-normals-array" count="693"> -0.706096 -0.704942 -0.0669692 -0.663327 0.653459 0.364676 -0.997521 -0.00876276 0.0698256 -5.92847e-16 -0.0390744 -0.999236 0.26862 -0.00691093 -0.963221 -0.000320648 -0.633508 -0.773736 0.78281 0.604985 0.145607 0.667594 -0.672113 0.320285 0.834786 -0.550066 -0.0236424 0.985351 -0.000364573 0.17054 0.605823 0.743431 0.283351 0.886684 0.209397 0.412244 -0.847075 0.360971 0.390082 -0.679973 -0.559897 0.473447 -0.599308 -0.789487 0.132435 -0.995992 -0.00303213 -0.089387 -0.576949 -0.785282 -0.224639 0.11595 -0.896597 -0.427399 0.347908 -0.693217 -0.631198 0.469166 0.0236506 -0.882793 0.996193 -0.000605812 0.0871702 0.665794 0.710186 0.22881 0.687142 0.459332 0.562894 0.738201 0.635706 0.225692 0.732051 0.668237 0.132516 0.998571 -0.0187238 -0.0500558 -0.146401 -0.709387 0.689446 0.11595 -0.896597 -0.427399 -0.273259 -0.725203 0.631989 -0.894435 0.445485 -0.0390976 0.453243 0.849855 0.268919 -0.873645 0.48656 -0.00174653 0.707642 0.658818 0.255347 -0.599308 -0.789487 0.132435 -0.00946584 -0.999928 0.00738791 -0.981258 -0.0828945 -0.173957 -0.98297 -0.157627 0.0944707 0.145399 0.967713 0.205892 -0.604794 0.786449 0.125387 -0.273259 -0.725203 0.631989 -0.781024 -0.559024 -0.278377 -0.821049 0.535183 0.198639 -0.608631 0.78158 0.136749 -0.978421 -0.0205241 -0.205601 -0.715808 -0.629304 -0.302647 -0.934498 -0.0704896 0.34892 -0.611858 -0.665969 0.42675 -0.500906 -0.863442 -0.0596776 0.487132 0.858024 -0.162779 0.935082 0.0681945 -0.347808 0.644665 0.606863 -0.464891 0.982601 0.0720477 0.171187 0.807899 -0.584142 -0.0779539 0.983099 0.155419 -0.0967523 -0.63262 0.761101 0.143237 -0.563538 0.818825 0.109315 0.8574 -0.052131 -0.512003 0.612587 -0.789949 -0.0267813 0.449657 0.892916 0.0225683 -0.555042 -0.796939 -0.238361 0.428921 -0.883976 -0.186044 -0.714048 -0.672869 -0.193344 -0.43984 -0.709024 0.551203 -0.608343 -0.670796 0.424207 -0.840635 0.0424203 0.539938 0.686441 -0.724625 -0.0609681 -0.715808 -0.629304 -0.302647 -0.781024 -0.559024 -0.278377 -0.468801 -0.0233772 0.882994 -0.273259 -0.725203 0.631989 0.807899 -0.584142 -0.0779539 -0.781024 -0.559024 -0.278377 -0.500906 -0.863442 -0.0596776 -0.269518 0.00703778 0.962969 2.02429e-16 0.0390747 0.999236 0.000329006 -0.574563 0.81846 -0.033931 -0.972662 -0.229731 -0.239596 0.602734 0.761121 -0.146401 -0.709387 0.689446 0.696338 -0.709596 -0.10764 -0.611858 -0.665969 0.42675 -0.608343 -0.670796 0.424207 -0.608343 -0.670796 0.424207 0.62838 -0.731034 -0.265948 0.696338 -0.709596 -0.10764 2.11844e-16 0.0390747 0.999236 -0.500906 -0.863442 -0.0596776 -0.658737 0.693893 0.290823 -0.543951 0.602847 0.583689 -0.998087 0.0281148 -0.0550548 0.612587 -0.789949 -0.0267813 -0.500906 -0.863442 -0.0596776 -0.611858 -0.665969 0.42675 -0.781024 -0.559024 -0.278377 0.686441 -0.724625 -0.0609681 0.431396 -0.880541 -0.196329 -0.576949 -0.785282 -0.224639 -0.715808 -0.629304 -0.302647 -0.611858 -0.665969 0.42675 -0.715808 -0.629304 -0.302647 0.728084 -0.682493 -0.0640092 0.999895 0.0112291 0.00920026 0.999941 0.00402206 -0.0100727 0.692416 -0.709848 -0.129136 0.998076 -0.0287201 0.0549414 0.393241 0.705899 -0.589126 0.221739 0.829826 -0.512075 -0.299173 0.830384 0.470062 0.428921 -0.883976 -0.186044 0.62838 -0.731034 -0.265948 -0.608343 -0.670796 0.424207 -0.43984 -0.709024 0.551203 0.210061 0.600588 -0.771472 -0.43984 -0.709024 0.551203 0.653898 -0.379116 -0.654743 -0.952533 0.0710221 0.296035 -0.728909 -0.494351 0.473612 -0.269857 0.874649 0.402698 0.80714 -0.454787 0.376423 0.222992 -0.611155 0.75945 0.0229472 0.28707 0.957635 0.80714 -0.454787 0.376423 0.222992 -0.611155 0.75945 0.728084 -0.682493 -0.0640092 0.0229472 0.28707 0.957635 0.886684 0.209397 0.412244 -0.679973 -0.559897 0.473447 -0.847075 0.360971 0.390082 -0.0160662 0.547584 0.836597 0.667594 -0.672113 0.320285 0.00707019 -0.46362 0.886006 -0.599308 -0.789487 0.132435 -0.952533 0.0710221 0.296035 -0.728909 -0.494351 0.473612 0.273259 -0.725203 0.631989 -0.347908 -0.693217 -0.631198 -0.143559 -0.835189 -0.530895 0.977684 -0.0767259 -0.195571 0.761963 -0.578394 -0.291329 0.982209 -0.158778 0.100273 0.918353 0.394093 -0.036328 0.976436 -0.017873 -0.215064 0.886114 0.463266 -0.0136639 -0.576949 -0.785282 -0.224639 -0.00946584 -0.999928 0.00738791 -0.599308 -0.789487 0.132435 0.114247 -0.833771 0.540161 -0.327487 0.906139 0.267703 0.665858 -0.681351 -0.303963 0.821363 0.536542 0.193613 0.667594 -0.672113 0.320285 0.687142 0.459332 0.562894 0.00707019 -0.46362 0.886006 -0.727807 0.633738 0.262058 0.934498 -0.0704896 0.34892 0.496223 -0.867728 -0.0284799 0.611858 -0.665969 0.42675 -0.26862 -0.00691093 -0.963221 -5.92847e-16 -0.0390744 -0.999236 -0.000320648 -0.633508 -0.773736 -0.469166 0.0236506 -0.882793 0.978862 0.00971573 0.20429 -0.43984 -0.709024 0.551203 -0.935082 0.0681945 -0.347808 -0.487132 0.858024 -0.162779 -0.579782 0.712742 -0.39478 -0.979201 0.0655763 0.192 -0.982364 0.156614 -0.10214 0.563538 0.818825 0.109315 -0.840024 -0.0417171 -0.540944 -0.61136 -0.791221 -0.0144126 -0.819861 -0.57 -0.0541074 -0.273259 -0.725203 0.631989 0.347908 -0.693217 -0.631198 -0.43984 -0.709024 0.551203 -0.449305 0.893346 0.00767682 0.608343 -0.670796 0.424207 0.43984 -0.709024 0.551203 0.840635 0.0424203 0.539938 0.658737 0.693893 0.290823 0.543951 0.602847 0.583689 0.269518 0.00703778 0.962969 2.16552e-16 0.0390747 0.999236 0.239596 0.602734 0.761121 1.97721e-16 0.0390747 0.999236 0.269518 0.00703778 0.962969 0.000329006 -0.574563 0.81846 0.114247 -0.833771 0.540161 0.000329006 -0.574563 0.81846 -0.62838 -0.731034 -0.265948 0.608343 -0.670796 0.424207 -0.696338 -0.709596 -0.10764 0.468801 -0.0233772 0.882994 0.665858 -0.681351 -0.303963 -0.736302 -0.674196 -0.0576036 0.761963 -0.578394 -0.291329 0.496223 -0.867728 -0.0284799 0.611858 -0.665969 0.42675 0.273259 -0.725203 0.631989 0.692416 -0.709848 -0.129136 -0.210061 0.600588 -0.771472 0.299173 0.830384 0.470062 -0.221739 0.829826 -0.512075 -0.615837 -0.456515 -0.642137 0.43984 -0.709024 0.551203 -0.488055 0.601523 -0.632434 -0.977305 0.00569684 0.21176 0.000329006 -0.574563 0.81846 -0.000320648 -0.633508 -0.773736 0.239596 0.602734 0.761121 4.19806e-16 0.712736 0.701433 -2.57807e-16 0.89788 -0.44024 -2.56249e-16 0.89788 -0.44024 -5.92847e-16 -0.0390744 -0.999236 4.23515e-16 0.712736 0.701433 -0.239596 0.602734 0.761121 -2.53913e-16 0.89788 -0.44024 -2.56249e-16 0.89788 -0.44024 0.000329006 -0.574563 0.81846 0.114247 -0.833771 0.540161 -0.000320648 -0.633508 -0.773736 -0.146401 -0.709387 0.689446 0.000329006 -0.574563 0.81846 0.11595 -0.896597 -0.427399 -5.83437e-16 -0.0390744 -0.999236 -0.210061 0.600588 -0.771472 0.210061 0.600588 -0.771472 -5.88142e-16 -0.0390744 -0.999236 2.02429e-16 0.0390747 0.999236 -0.0160662 0.547584 0.836597 2.16552e-16 0.0390747 0.999236 </float_array>
          <technique_common>
            <accessor count="231" offset="0" source="#meshId1-normals-array" stride="3">
              <param name="X" type="float" />
              <param name="Y" type="float" />
              <param name="Z" type="float" />
            </accessor>
          </technique_common>
        </source>
        <source id="meshId1-tangents" name="meshId1-tangents">
          <float_array id="meshId1-tangents-array" count="693"> 0.0369605 -0.131135 0.990675 0.0776225 -0.424609 0.902043 0.0699885 -0.227142 0.971343 -0.999982 0.00591789 -0.000231419 -0.963105 -0.0190629 -0.268451 -0.996747 0.062558 -0.0508072 -0.070035 0.318169 -0.945444 0.0695312 -0.372024 -0.925615 -0.0773107 -0.0745953 -0.994213 -0.169337 0.116486 0.97865 0.0924182 -0.419497 0.90304 -0.426779 0.0275864 0.903935 0.142113 -0.553399 0.820703 0.224311 0.455897 0.861303 -0.0918118 -0.096557 -0.991084 0.0861423 0.236297 -0.967855 0.0555503 0.236667 -0.970002 -0.974305 -0.0190172 -0.224428 -0.896843 -0.0498983 -0.439526 -0.881413 -0.0494038 -0.469756 0.0846539 0.245348 -0.965732 0.0745198 0.241835 -0.967452 0.163652 0.657008 -0.735906 -0.0791049 -0.250681 0.964832 0.00826634 -0.203218 0.979099 0.0457775 -0.183661 0.981923 -0.95136 -0.0900166 -0.294638 -0.94807 0.0284041 -0.316791 -0.922014 0.0101404 -0.387024 0.15651 0.229937 -0.960538 0.148897 0.225266 -0.962853 0.129917 0.22981 -0.964525 0.133748 0.229957 -0.963966 -0.0920345 -0.0963873 -0.99108 -0.167251 -0.00570098 -0.985898 0.145874 0.270312 -0.951658 -0.10725 0.0746245 -0.991428 0.013105 -0.209969 0.97762 -0.0117562 -0.166245 0.986014 -0.921989 0.0100778 -0.387085 0.1442 0.27228 -0.951352 -0.161442 0.116073 -0.980032 -0.0712166 -0.225462 0.971646 0.194862 0.239261 -0.951201 0.18554 0.246427 -0.951235 -0.340977 -0.104213 -0.934278 -0.410016 -0.194334 -0.891135 -0.100248 0.126367 -0.986905 -0.271032 -0.0286576 -0.962144 -0.339718 -0.107351 -0.934381 -0.52093 -0.0963473 -0.848144 0.14594 0.270596 -0.951567 0.125576 0.299879 -0.945676 -0.107748 0.0639382 -0.99212 0.0720019 0.241949 -0.967614 -0.269822 -0.0573772 -0.961199 -0.51463 -0.095564 -0.85207 -0.0440637 -0.000300666 -0.999029 -0.126455 0.088652 -0.988003 -0.0781781 -0.235307 0.968772 -0.0215785 -0.215918 0.976173 -0.016589 -0.259828 0.965512 -0.748054 -0.0503789 -0.661723 -0.508104 -0.0814386 -0.857437 -0.541254 -0.101508 -0.83471 0.200024 0.268759 -0.94221 0.238405 0.187129 -0.952967 0.216945 0.175126 -0.960347 -0.881556 -0.050476 -0.469373 -0.88814 -0.062166 -0.455349 0.139489 0.318064 -0.937752 0.0454723 0.393669 -0.918127 -0.117366 0.136078 -0.983721 -0.962845 -0.0196014 -0.269341 -0.999983 0.00578297 -0.000226151 -0.995943 -0.0738419 -0.051437 0.0475492 -0.231174 0.97175 -0.957433 -0.0166937 -0.288174 -0.974255 -0.0173962 -0.224778 -0.362716 -0.21852 -0.905917 -0.439147 -0.162715 -0.883558 -0.438161 -0.161803 -0.884214 -0.437172 -0.162884 -0.884505 -0.491322 -0.107911 -0.864267 -0.359184 -0.214702 -0.908235 -0.999983 0.00589196 -0.000230412 -0.116058 0.135337 -0.983979 -0.498131 -0.112549 -0.859766 -0.759663 -0.0583356 -0.647695 -0.0601368 -0.235294 0.970062 -0.356869 -0.246192 -0.901129 -0.0820051 0.115988 -0.98986 -0.303844 -0.300237 -0.904177 0.216762 0.175379 -0.960342 0.181594 0.252001 -0.950536 0.0603382 0.245294 -0.967569 0.0590978 0.234173 -0.970397 0.127717 0.308113 -0.942738 -0.30051 -0.303349 -0.904253 0.125718 0.310188 -0.942326 0.0977083 0.0109023 0.995155 -0.00693878 -0.186988 0.982338 0.0107376 -0.236099 0.97167 -0.0188268 -0.196699 0.980283 -0.0602062 -0.237664 0.96948 -0.770785 -0.0962178 -0.629787 -0.883094 -0.0517936 -0.466329 -0.883894 -0.0555805 -0.464372 -0.0411259 -0.224846 0.973526 -0.529148 -0.151083 -0.834971 -0.559824 -0.0162046 -0.828453 -0.66383 -0.156703 -0.731283 -0.956475 -0.0372426 -0.289428 -0.665734 -0.154533 -0.730012 -0.726593 -0.0734394 -0.683132 -0.302047 -0.0989135 -0.948148 -0.364932 -0.304754 -0.879744 -0.0318126 0.409887 -0.911581 -0.303994 0.226411 0.925379 -0.968486 -0.227561 0.101244 -0.987767 0.154296 -0.022584 -0.192121 0.400562 0.895902 -0.0438404 0.771991 0.63412 0.0764557 -0.0119432 0.997001 0.184855 -0.942588 0.27813 -0.0983233 -0.785795 0.610622 -0.594339 0.0427212 -0.803079 -0.420429 -0.00612426 -0.907305 0.1104 0.83256 -0.542822 0.0927788 -0.351733 -0.931491 0.055923 -0.884458 -0.463256 0.0893164 -0.230349 -0.969 -0.193814 0.608413 -0.76959 -0.216388 -0.48997 -0.844456 -0.891684 0.0555086 0.449242 -0.891205 0.0355214 0.452208 -0.973256 0.0219324 0.228675 0.167818 -0.274784 0.946747 0.157345 -0.271029 0.949624 -0.110234 -0.0552042 0.992371 0.147345 -0.25527 0.955577 0.203421 -0.256521 0.94489 0.137584 -0.234784 0.962261 0.0451699 0.243932 -0.96874 0.00981798 -0.00748081 -0.999924 -0.171537 -0.034942 -0.984558 -0.973754 0.013756 0.227187 0.143001 -0.23253 0.962019 0.176961 -0.251556 0.951527 -0.162749 -0.104881 0.981077 -0.525031 -0.119981 0.842584 -0.627069 -0.0163129 0.778793 -0.999912 -0.0131955 0.0010743 0.140512 -0.236218 0.961487 -0.340942 0.104545 0.934253 -0.105615 -0.0928923 0.990059 -0.409847 0.194514 0.891173 -0.963066 0.0212413 0.268425 -0.999994 -0.00337228 0.000131889 -0.99544 -0.0736073 0.0606795 -0.881364 0.0502772 0.469754 0.195472 0.249399 -0.948468 -0.78784 0.0100041 -0.615799 -0.339675 0.107767 0.934348 -0.271032 0.0286576 0.962144 -0.500773 0.0704873 0.862704 0.168119 -0.267512 0.948775 -0.110532 -0.0458236 0.992816 -0.269822 0.0573772 0.961199 -0.542232 0.0986791 0.834414 -0.111575 0.0681522 0.991416 0.140951 -0.292519 0.945815 -0.852668 -0.121523 -0.508123 -0.868911 0.0144117 -0.494759 -0.787416 0.00931156 -0.616352 -0.125704 -0.0717251 0.989472 -0.508087 0.0814593 0.857445 -0.748372 0.049928 0.661397 -0.541253 0.101549 0.834705 -0.49814 0.112561 0.859759 -0.759567 0.0581204 0.647827 -0.962767 0.023719 0.269289 -0.999996 -0.00291048 0.000113815 -0.957572 0.0173847 0.28767 -0.999996 -0.00283415 0.000110838 -0.962991 0.00480974 0.269489 -0.994364 0.0865857 0.0611833 -0.973831 0.0135396 0.22687 -0.998193 0.0489944 0.0347956 -0.50066 0.118397 0.857509 -0.499287 0.0920272 0.861536 -0.359879 0.215452 0.907782 -0.881506 0.0513706 0.469371 0.15867 -0.268771 0.950045 0.175717 -0.272723 0.94591 0.145707 -0.285204 0.947327 -0.105147 -0.0926275 0.990133 -0.387361 0.21811 0.895756 -0.887761 0.062869 0.455991 -0.0126451 -0.190895 0.981529 -0.956292 0.037961 0.289938 -0.883894 0.0555805 0.464372 -0.883094 0.0517936 0.466329 -0.741842 0.06148 0.66775 -0.728725 0.0769428 0.68047 -0.758905 0.0654503 0.647904 0.203147 -0.258168 0.9445 -0.998225 -0.0489253 -0.0339445 -0.998019 -0.0484705 0.0400995 -0.963509 0.0512465 0.262724 -0.9904 -0.0969574 0.0985198 -0.988086 0.0677535 0.138185 -0.988474 0.0666482 0.135931 -0.999994 -0.00345008 0.000134927 -0.9904 0.0969574 -0.0985198 -0.963509 -0.0512465 -0.262724 -0.988086 -0.0677535 -0.138185 -0.988474 -0.0666482 -0.135931 -0.998193 0.0489945 0.0347956 -0.989725 -0.0484663 0.134522 -0.997986 -0.0488773 0.0404326 -0.986482 0.0528246 -0.155123 -0.998193 -0.0493745 -0.0342599 -0.989093 -0.0648776 -0.132234 -0.999765 -0.0216436 0.000846368 -0.973147 -0.0524743 0.224124 -0.973147 0.0524743 -0.224124 -0.999765 0.0216436 -0.000846368 -0.999753 0.0221912 -0.00086779 -0.981049 -0.170217 0.0925733 -0.999753 -0.0221912 0.00086779 </float_array>
          <technique_common>
            <accessor count="231" offset="0" source="#meshId1-tangents-array" stride="3">
              <param name="X" type="float" />
              <param name="Y" type="float" />
              <param name="Z" type="float" />
            </accessor>
          </technique_common>
        </source>
        <source id="meshId1-bitangents" name="meshId1-bitangents">
          <float_array id="meshId1-bitangents-array" count="693"> -0.707151 0.697037 0.118649 0.744293 0.626656 0.230931 0.00734869 0.973822 0.227192 0.00592241 0.999219 -0.0390737 -0.0165065 0.999794 -0.0117766 0.0805901 0.771203 -0.631467 -0.618307 0.729905 0.291436 0.741272 0.640205 -0.201628 0.545119 0.831783 -0.104797 -0.0202222 -0.993192 0.114717 0.790213 -0.520896 -0.322847 0.177909 -0.977441 0.113827 0.512122 0.750633 0.417472 -0.698084 0.691862 -0.184406 0.795236 -0.606124 -0.0146169 0.0240565 -0.971676 -0.235089 0.814889 -0.57212 -0.0929218 0.193093 0.44244 -0.875764 0.273191 0.719 -0.639066 -0.0547234 0.998499 -0.00233264 -0.020802 0.969435 0.244465 -0.742405 0.661175 0.108089 -0.707852 0.597791 0.376287 0.669926 -0.730094 -0.134765 0.6812 -0.715655 -0.15429 -0.0275787 -0.982811 -0.182542 0.271074 -0.699047 -0.661704 0.296173 0.441936 -0.846743 0.274262 -0.68846 -0.671418 -0.418915 -0.865259 -0.275387 -0.878863 0.476447 -0.0244407 -0.468898 -0.84288 -0.263985 -0.693797 0.716295 0.0746115 0.79521 -0.606151 -0.0148943 0.985869 -0.010568 -0.167185 0.12591 -0.959198 -0.253154 0.149226 -0.984675 -0.0902591 0.989286 -0.139446 -0.0432111 0.796295 0.594862 0.10979 0.274346 -0.688461 -0.671383 0.607625 -0.78317 -0.132046 -0.547553 -0.836724 -0.00890023 0.790251 0.581635 0.192885 0.0687148 -0.970738 -0.230099 0.673196 -0.737055 -0.0596334 0.102219 -0.992054 0.0733517 0.6764 -0.720222 -0.154153 0.859676 -0.488365 -0.149856 -0.830207 0.512809 0.218592 -0.101057 0.99188 -0.0772147 -0.559499 0.788945 0.254021 -0.114881 0.959993 0.255373 0.575786 0.754222 0.315627 -0.148008 0.985777 0.0796037 -0.771108 -0.601819 -0.207863 -0.780782 -0.571168 0.253271 -0.00450983 0.994057 -0.108765 0.789174 0.613172 -0.0349923 -0.884204 0.441409 0.152777 -0.82814 0.556344 0.0683022 -0.903084 -0.414687 -0.111687 -0.6999 0.69263 0.174368 0.496947 -0.703382 -0.50823 0.609712 -0.737157 -0.291292 0.0193995 -0.99393 0.108292 0.699134 0.634577 0.329429 0.65634 -0.754294 0.0160808 0.585608 -0.810446 -0.0154997 0.0555427 -0.998452 0.00305491 0.369509 -0.685723 -0.627095 0.572574 0.746735 0.338445 0.622844 -0.729737 -0.282045 0.857507 -0.485748 -0.169502 0.01698 -0.999783 0.0120592 -0.00578739 -0.999219 0.0390741 0.0899904 -0.815123 -0.572256 -0.998293 0.0220489 0.0540933 -0.160986 -0.797768 0.581077 0.171449 -0.704604 -0.688577 0.619314 0.669868 -0.409545 0.65786 -0.728017 -0.1929 0.661765 -0.723776 -0.195485 0.662419 -0.723534 -0.194164 0.603109 0.673755 -0.426982 0.621369 0.671101 -0.40438 -0.00589646 -0.999219 0.039074 0.857685 -0.485955 -0.168 -0.563854 -0.711228 0.41979 -0.356411 -0.795722 0.489692 0.0143191 0.971518 0.236535 0.705253 0.561577 -0.432722 0.861608 -0.490933 -0.128906 0.73028 -0.682893 -0.018648 0.585676 -0.810391 -0.0158001 0.704146 0.641416 0.304571 0.900143 0.405559 0.158949 0.81464 -0.573145 -0.0886976 0.686518 -0.713473 -0.140177 0.731658 -0.681517 -0.0145241 0.686887 -0.712573 -0.14292 -0.678489 -0.730811 0.074623 0.0127511 -0.982298 -0.18689 0.00152995 -0.971721 -0.236128 -0.721253 -0.676332 -0.149561 -0.014786 -0.970923 -0.238936 -0.50125 0.701747 0.506259 -0.413494 0.555613 0.72133 -0.359481 -0.554413 0.7506 -0.902405 -0.409915 -0.132795 0.570211 0.665405 -0.481762 0.562597 -0.741465 -0.36567 0.604873 -0.687552 -0.401747 -0.202559 0.798691 0.566624 0.602776 -0.688043 -0.404052 0.210902 0.92243 -0.323485 -0.0380576 -0.992558 0.11567 0.579238 -0.81409 0.0417341 -0.962375 -0.258808 -0.0827862 -0.506076 -0.86134 0.0444928 0.110945 -0.758093 -0.64264 -0.154242 -0.945401 0.287099 -0.558225 -0.795436 0.235935 -0.973834 -0.174699 0.145355 -0.681211 -0.730794 0.0434849 0.982498 0.170642 -0.0746962 0.451801 -0.581962 -0.676163 0.429415 -0.82746 -0.361818 -0.325122 -0.932557 0.15695 -0.993757 0.0836394 -0.0738294 0.738722 0.651574 -0.172457 0.99841 0.0528234 0.0196737 0.79552 -0.568902 0.208564 -0.234769 -0.790436 -0.565769 0.649513 -0.718016 0.250172 -0.360872 -0.686294 -0.631484 -0.291057 0.719853 -0.630156 -0.179343 0.549525 -0.816002 -0.12638 -0.95844 -0.255776 -0.628215 -0.769418 -0.115507 -0.152031 -0.98577 -0.0717248 0.367312 -0.882909 -0.292496 -0.0720566 -0.966373 -0.246841 0.442575 -0.854553 -0.271783 0.815531 -0.56906 -0.105265 0.999907 -0.00939258 0.00988809 0.781924 -0.612771 -0.114485 -0.196853 -0.55194 -0.810316 0.933972 0.35333 -0.0534276 -0.724788 -0.687372 -0.0469279 0.546696 -0.837331 0.00117633 -0.527884 -0.730663 -0.432978 0.366907 -0.888115 0.276824 0.0111933 -0.885936 -0.463672 0.671233 0.736599 0.0828732 -0.102333 -0.992019 0.0736646 -0.861747 -0.488282 -0.13774 -0.676502 -0.720173 -0.15393 0.018605 0.99975 -0.0123615 -0.00337486 0.999231 -0.0390742 -0.0953936 0.770227 -0.630595 0.0554943 0.998455 -0.00274354 -0.0601648 0.968352 0.242228 0.431102 -0.705113 -0.562998 0.1012 0.991835 -0.0776075 0.830207 0.512809 0.218592 0.642712 0.697875 0.316055 0.113579 0.961321 0.250923 0.150808 0.986596 0.0623264 0.780782 -0.571168 0.253271 0.0185705 0.994245 -0.105513 -0.783447 0.60772 -0.129946 -0.554942 0.76781 0.320167 0.445294 -0.677726 -0.58515 0.352072 0.720585 -0.597329 0.431876 -0.705122 -0.562393 0.884491 0.443609 0.144523 -0.609726 -0.737155 -0.291268 -0.496467 -0.703414 -0.508654 -0.0194218 -0.993926 0.108326 0.563845 -0.711226 0.419804 0.356616 -0.795738 0.489517 -0.0209455 -0.999694 0.0131685 0.00291271 -0.999232 0.0390746 0.160157 -0.797753 0.581326 0.00283632 -0.999232 0.0390746 -0.00273502 -0.999964 0.00807363 -0.106021 -0.813868 -0.571296 -0.196471 -0.551945 -0.810405 -0.0600923 -0.816993 -0.573509 -0.595381 0.671991 -0.440397 -0.616953 -0.73591 -0.278936 -0.620967 0.670861 -0.405396 -0.0563325 -0.998406 0.00347548 -0.729011 -0.680825 -0.0708532 -0.653439 0.686354 0.319275 -0.631016 -0.764277 -0.133039 -0.861804 -0.488332 -0.137203 -0.689624 -0.713382 -0.124518 -0.370419 -0.685659 -0.626627 -0.721388 -0.677993 -0.141155 0.203419 0.798657 0.566363 0.359481 -0.554413 0.7506 0.413494 0.555613 0.72133 -0.265359 0.887589 -0.376524 -0.524881 -0.700974 -0.482842 0.431122 0.79617 0.424555 0.0600503 0.966083 0.251152 0.0595467 -0.816997 -0.573559 -0.0629067 0.772217 -0.632237 0.119348 -0.796295 0.593018 0.138228 -0.694699 0.705894 0.153901 0.434995 0.887183 0.151391 0.435166 0.887531 -0.00345272 0.99923 -0.0390742 -0.138228 -0.694699 0.705894 -0.119348 -0.796295 0.593018 -0.153901 0.434995 0.887183 -0.151391 0.435166 0.887531 -0.0600923 -0.816993 -0.573509 -0.0859805 -0.54998 -0.83074 -0.0634325 0.772191 -0.632216 0.0736225 -0.702837 -0.707531 0.0600955 -0.81697 -0.573541 0.0908318 0.43807 -0.89434 -0.0216601 0.999002 -0.0390652 0.0941236 0.797835 0.595483 -0.0941236 0.797835 0.595483 0.0216601 0.999002 -0.0390652 -0.0222081 -0.99899 0.0390651 0.193095 -0.819255 0.539941 0.0222081 -0.99899 0.0390651 </float_array>
          <technique_common>
            <accessor count="231" offset="0" source="#meshId1-bitangents-array" stride="3">
              <param name="X" type="float" />
              <param name="Y" type="float" />
              <param name="Z" type="float" />
            </accessor>
          </technique_common>
        </source>
        <source id="meshId1-tex0" name="meshId1-tex0">
          <float_array id="meshId1-tex0-array" count="462"> 0.937526 0.204111 0.937526 0.29322 0.875468 0.248418 0.999782 0.0491946 0.925291 0.048706 0.999782 0.00737081 0.062118 0.0970091 0.0267319 0.00737081 0.062118 0.00737081 0.974555 0.350467 0.939119 0.301006 0.973678 0.333195 0.973399 0.29322 0.974373 0.204111 0.0537267 0.194915 0.169818 0.156194 0.169818 0.194915 0.925291 0.00737081 0.867897 0.00737081 0.864537 0.0476993 0.169818 0.0467562 0.169818 0.0970091 0.0267319 0.0970091 0.830671 0.301006 0.875468 0.301006 0.875468 0.314729 0.925291 -2.22045e-16 0.925291 0.00737081 0.867775 -3.33067e-16 0.316223 0.10471 0.313663 0.0970091 0.424119 0.10471 0.42194 0.0970091 0.0624017 1.11022e-16 0.0621804 0.00510175 0.425386 0.147208 0.51285 0.148129 0.875468 0.297774 0.875468 0.29322 0.867775 -6.66134e-16 0.427469 0.194915 0.512789 0.10471 0.83161 0.29322 0.315693 0.149718 0.312827 0.194915 0.601336 0.144261 0.605238 0.194915 0.515645 0.194915 0.605092 0.0970091 0.601376 0.05775 0.705751 0.0970091 0.424923 0.0536493 0.427105 0.00737081 0.512119 0.0540494 0.169818 0.10471 0.605368 0.10471 0.70988 0.0501204 0.515514 0.00737081 0.512263 0.0970091 0.834138 0.204111 0.832026 0.19676 0.875468 0.204111 0.795922 0.194915 0.718333 0.194915 0.710461 0.151722 0.315006 0.00737081 0.312169 1.11022e-16 0.426513 2.22045e-16 0.864802 0.154332 0.86813 0.194915 0.427105 0.00737081 0.426513 -5.55112e-16 0.516128 -6.66134e-16 0.925291 0.153326 0.999782 0.152822 0.999782 0.194915 0.875468 0.199782 0.925291 0.10471 0.925291 0.194915 0.603334 0.00737081 0.605329 2.22045e-16 0.717076 2.22045e-16 0.717076 -1.11022e-16 0.717323 0.00737081 0.603334 0.00737081 0.999782 0.152822 0.516128 5.55112e-16 0.705205 0.10471 0.789251 0.10471 0.832486 0.247751 0.515514 0.00737081 0.516128 -4.44089e-16 0.605329 -4.44089e-16 0.426513 1.11022e-16 0.315006 0.00737081 0.169818 0.00737081 0.169818 -1.11022e-16 0.312169 -2.22045e-16 0.605329 1.11022e-16 0.312169 0 0.934956 0.390465 0.875468 0.352387 0.875468 0.371115 0.875468 0.390465 0.833077 0.357306 0.78946 0.0970091 0.862359 0.0970091 0.862728 0.10471 0.831635 0.390465 0.717323 0.00737081 0.717076 -2.22045e-16 0.795301 -1.11022e-16 0.925291 0.0970091 0.795301 3.33067e-16 0.795895 0.00737081 0.0236188 0.123797 0.0230462 0.194915 0.0624243 0.10471 0.971729 0.390465 0.984506 0.390465 0.987612 0.333066 0.977606 0.19676 0.985014 0.201072 0.938056 0.19676 0.982588 0.295963 0.978645 0.301006 0.997001 0.390465 1 0.336758 0.0190547 0.100139 0.0267319 0.00737081 0.0184557 0.00391471 0.0624017 0 0.0230999 0.10471 0.025681 -5.55112e-17 0.131582 0.19676 0.13148 0.204111 0.0732941 0.204111 0.587122 0.342768 0.585854 0.390465 0.487006 0.344156 0.706365 0.301006 0.708784 0.347588 0.588156 0.301006 0.169818 0 0.0621804 0.00510175 0.0624017 0 0.0727914 0.19676 0.708008 0.29322 0.709616 0.390465 0.487329 0.301006 5.55112e-17 0.194915 0.000923768 0.13092 0.0114736 0.194915 0.590341 0.29322 0.398524 0.340232 0.483975 0.390465 0.39453 0.390465 0.0745012 0.245247 -2.22045e-16 0.245897 -2.77556e-16 0.204111 0.13529 0.244051 0.315424 0.0526185 0.795301 4.44089e-16 0.398401 0.254192 0.394801 0.29322 0.294321 0.29322 0.587369 0.250433 0.487719 0.250465 0.394532 0.301006 0.28968 0.246779 0.484062 0.204111 0.585724 0.204111 0.867775 -1.11022e-16 0.867897 0.00737081 0.795301 0 0.487819 0.29322 0.281476 0.390465 0.203782 0.390465 0.289406 0.34762 0.294827 0.301006 0.210566 0.301006 0.0743142 0.34917 5.55112e-17 0.348482 0.0758033 0.301006 0 0.348482 0.0743142 0.34917 0 0.390465 0.0730379 0.390465 -2.22045e-16 0.390465 0.282308 0.204111 0.28256 0.19676 0.396341 0.204111 0.134911 0.350357 0.710316 0.19676 0.707415 0.204111 0.58624 0.19676 0.483526 0.19676 0.394347 0.19676 0.131132 0.390465 0.875468 0.19676 0.0758097 0.29322 0.13751 0.301006 0.137875 0.29322 0.20403 0.204111 0.204606 0.19676 0.210309 0.29322 0.707968 0.249178 0.999782 3.33067e-16 1.66533e-16 0.204111 0.0758033 0.301006 1.66533e-16 0.301006 1.66533e-16 0.29322 -1.11022e-16 0.29322 1.66533e-16 0.245897 0.999782 0.10471 0.925291 0.10471 0.999782 0.0970091 0.999782 0.0970091 0 0.19676 0.0727914 0.19676 0 0.204111 0.925291 0 0.999782 -1.11022e-16 0.925291 0.00737081 5.55112e-17 0.245897 0.0758097 0.29322 0.925291 0.0970091 0.999782 0.0491946 0.999782 0.152822 0.0118525 0.125874 -2.22045e-16 0.348482 </float_array>
          <technique_common>
            <accessor count="231" offset="0" source="#meshId1-tex0-array" stride="2">
              <param name="S" type="float" />
              <param name="T" type="float" />
            </accessor>
          </technique_common>
        </source>
        <vertices id="meshId1-vertices">
          <input semantic="POSITION" source="#meshId1-positions" />
        </vertices>
        <polylist count="280" material="defaultMaterial">
          <input offset="0" semantic="VERTEX" source="#meshId1-vertices" />
          <input offset="0" semantic="NORMAL" source="#meshId1-normals" />
          <input offset="0" semantic="TANGENT" source="#meshId1-tangents" />
          <input offset="0" semantic="BINORMAL" source="#meshId1-bitangents" />
          <input offset="0" semantic="TEXCOORD" source="#meshId1-tex0" set="0" />
          <vcount>3 3 3 3 3 3 3 3 3 3 3 3 3 3 3 3 3 3 3 3 3 3 3 3 3 3 3 3 3 3 3 3 3 3 3 3 3 3 3 3 3 3 3 3 3 3 3 3 3 3 3 3 3 3 3 3 3 3 3 3 3 3 3 3 3 3 3 3 3 3 3 3 3 3 3 3 3 3 3 3 3 3 3 3 3 3 3 3 3 3 3 3 3 3 3 3 3 3 3 3 3 3 3 3 3 3 3 3 3 3 3 3 3 3 3 3 3 3 3 3 3 3 3 3 3 3 3 3 3 3 3 3 3 3 3 3 3 3 3 3 3 3 3 3 3 3 3 3 3 3 3 3 3 3 3 3 3 3 3 3 3 3 3 3 3 3 3 3 3 3 3 3 3 3 3 3 3 3 3 3 3 3 3 3 3 3 3 3 3 3 3 3 3 3 3 3 3 3 3 3 3 3 3 3 3 3 3 3 3 3 3 3 3 3 3 3 3 3 3 3 3 3 3 3 3 3 3 3 3 3 3 3 3 3 3 3 3 3 3 3 3 3 3 3 3 3 3 3 3 3 3 3 3 3 3 3 3 3 3 3 3 3 3 3 3 3 3 3 3 3 3 3 3 3 3 3 3 3 3 3 </vcount>
          <p>0 1 2 3 4 5 6 7 8 9 10 11 12 0 13 0 12 1 14 15 16 17 4 18 19 18 4 6 20 21 22 7 6 23 24 25 26 27 28 29 30 31 32 31 30 33 34 7 35 31 36 37 23 38 18 39 17 40 35 36 36 31 41 42 38 23 43 29 31 15 43 44 8 7 34 45 36 41 46 47 36 43 35 40 31 35 43 48 49 50 51 52 53 15 54 29 29 43 15 36 47 40 36 45 46 32 51 53 41 55 45 56 50 49 57 53 52 44 16 15 32 53 58 40 44 43 59 60 61 62 63 64 45 64 63 65 66 67 68 69 62 70 71 72 73 74 75 48 55 41 76 61 60 73 68 77 75 78 73 41 58 48 79 80 81 82 83 84 58 41 31 73 77 85 69 68 73 86 57 52 63 46 45 45 55 87 87 88 64 30 29 54 2 89 61 59 61 89 54 21 30 31 32 58 90 91 92 93 52 94 95 96 97 98 84 57 62 88 68 87 64 45 99 94 95 73 78 69 9 100 101 102 101 100 102 103 104 105 88 87 50 87 55 1 10 37 106 107 88 88 105 106 25 101 23 108 104 103 87 50 105 109 110 111 107 106 112 112 77 107 9 25 10 55 48 50 104 23 101 24 10 25 24 37 10 113 114 83 115 15 14 115 14 116 20 8 95 8 20 6 115 117 54 17 5 4 118 9 119 120 119 9 11 120 9 121 122 123 12 124 10 125 10 124 119 120 126 13 123 122 18 19 114 127 126 120 83 114 56 22 117 128 0 2 61 129 130 131 132 128 117 15 115 54 133 131 130 134 135 136 137 138 139 140 141 142 143 144 145 136 146 134 147 140 142 141 104 148 142 139 149 89 2 38 150 151 152 54 6 21 116 152 115 142 153 147 139 154 149 155 156 139 137 141 138 157 136 135 137 142 141 84 83 49 96 95 34 157 158 159 8 34 95 135 160 157 142 137 139 30 161 32 114 162 18 163 164 165 166 153 167 168 149 154 165 169 163 108 148 104 167 170 171 172 173 174 167 153 175 23 104 140 148 138 141 56 49 83 171 166 167 155 139 138 94 52 161 176 177 178 179 178 180 51 161 52 51 32 161 141 140 104 154 139 156 178 154 176 181 182 183 184 185 186 187 188 181 189 190 191 149 175 142 12 10 1 181 183 192 193 194 195 195 171 196 168 164 149 197 191 190 175 149 164 198 192 177 2 1 38 76 199 0 156 176 154 177 192 180 192 198 181 168 154 179 123 0 199 170 196 171 49 53 84 140 147 23 42 23 147 48 58 49 53 49 58 57 84 53 183 200 201 164 168 165 159 136 157 171 195 194 187 181 198 201 202 180 194 193 59 203 189 169 203 204 189 191 197 170 180 205 179 0 123 13 60 59 193 203 205 160 160 135 203 205 180 202 165 205 169 178 179 154 196 170 197 38 42 89 153 142 175 165 179 205 179 165 168 190 189 204 202 201 200 147 206 89 204 203 135 5 17 207 23 37 24 194 59 89 89 206 194 163 169 189 153 166 206 60 199 76 21 20 30 161 30 20 206 147 153 54 117 6 206 166 171 167 163 191 175 164 163 163 167 175 95 94 20 171 194 206 161 20 94 191 170 167 89 42 147 136 208 146 189 191 163 135 134 204 114 19 105 209 210 211 212 200 183 157 160 200 157 200 213 214 215 216 56 114 50 112 217 77 22 6 117 0 61 76 9 101 25 104 101 102 100 9 118 1 37 38 100 103 102 4 3 112 4 112 19 201 180 192 202 160 205 203 169 205 218 219 220 106 105 19 202 200 160 221 222 223 212 224 225 105 50 114 217 226 227 106 19 112 107 77 68 214 228 215 62 64 88 229 115 152 229 152 151 177 180 178 107 68 88 210 209 230 201 192 183 </p>
        </polylist>
      </mesh>
    </geometry>
    <geometry id="meshId2" name="meshId2_name" >
      <mesh>
        <source id="meshId2-positions" name="meshId2-positions">
          <float_array id="meshId2-positions-array" count="1572"> -0.0579997 -0.0262091 0.953535 -0.0690864 -0.00350563 0.944525 -0.0599271 -0.00409186 0.955293 -0.560935 -0.184328 0.540267 -0.507018 -0.277066 0.640729 -0.566322 -0.172149 0.64927 -0.0916729 -0.0716976 0.971263 -0.118552 -0.0881733 0.966132 -0.0916829 -0.093846 0.970127 -0.145114 -0.161136 0.960134 -0.197296 -0.221982 0.98056 -0.192751 -0.219005 0.925586 -0.58745 0.00908505 0.943679 -0.60852 -0.0194165 0.940687 -0.587526 -0.0194937 0.942487 -0.142833 -0.159633 0.932395 -0.186996 -0.223222 0.908143 -0.13558 -0.162069 0.915156 -0.556613 -0.00712807 0.910861 -0.561784 -0.0850878 0.888638 -0.556623 -0.0848938 0.906649 -0.197251 0.121082 0.999139 -0.145085 0.062784 0.972261 -0.192706 0.124058 0.944166 -0.264521 -0.260558 0.972948 -0.336469 -0.270814 0.912433 -0.26 -0.257618 0.918653 -0.507381 -0.145052 0.922199 -0.545933 -0.0850717 0.959332 -0.521217 -0.153245 0.957671 -0.56103 -0.00990492 0.962162 -0.533055 0.0639501 0.951663 -0.559621 -0.00901967 0.945799 -0.545924 -0.0126432 0.963255 -0.530615 -0.0809681 0.92376 -0.530606 -0.0128854 0.927448 -0.0395565 -0.0720063 0.977793 -0.0263698 -0.0270687 0.968914 -0.0395366 -0.0277085 0.980065 -0.480173 -0.21785 0.904954 -0.533084 -0.159968 0.939536 -0.530076 -0.158077 0.904598 -0.417346 0.16097 0.983218 -0.33641 0.177023 0.936687 -0.412879 0.163827 0.930467 -0.264466 0.160272 0.99574 -0.259945 0.163211 0.941445 -0.480128 0.125213 0.923534 -0.53441 0.0701704 0.899016 -0.530046 0.0658417 0.916725 -0.605436 0.0116315 0.906941 -0.584518 -0.0170244 0.907549 -0.605512 -0.0169473 0.905749 -0.334965 0.184687 0.919577 -0.257056 0.165104 0.906497 -0.333521 0.178916 0.901739 -0.0890374 -0.00345633 0.942896 -0.071692 -0.00530077 0.9763 -0.0690864 -0.00350563 0.944525 -0.618287 -0.0739311 0.899233 -0.61695 -0.0746481 0.910356 -0.630334 -0.0746041 0.909355 -0.120828 -0.0119155 0.998216 -0.147366 0.0612815 1 -0.160651 0.0536583 0.998495 -0.071692 -0.00530077 0.9763 -0.0591001 -0.0269593 0.966953 -0.0609003 -0.00476276 0.967161 -0.0609003 -0.00476276 0.967161 -0.335026 -0.276587 0.894595 -0.412935 -0.257003 0.907675 -0.413785 -0.26236 0.889695 -0.527187 -0.156184 0.86965 -0.53444 -0.160466 0.886525 -0.120828 -0.0119155 0.998216 -0.118552 -0.0881733 0.966132 -0.118542 -0.0104065 0.970344 -0.147395 -0.162637 0.987873 -0.145114 -0.161136 0.960134 -0.337889 0.148231 0.952004 -0.412102 0.146505 0.982866 -0.404813 0.136714 0.945882 -0.147395 -0.162637 0.987873 -0.0672584 -0.0697664 0.937501 -0.0580197 -0.0705069 0.951263 -0.0691163 -0.0699507 0.941117 -0.584526 -0.0741829 0.905177 -0.606827 -0.0167747 0.901605 -0.584518 -0.0170244 0.907549 -0.606827 -0.0167747 0.901605 -0.616942 -0.0174906 0.912728 -0.605512 -0.0169473 0.905749 -0.461525 0.128719 0.812727 -0.527157 0.0677344 0.881777 -0.477239 0.127106 0.888586 -0.618598 -0.0759513 0.929493 -0.632124 -0.075977 0.93015 -0.618287 -0.0739311 0.899233 -0.606835 -0.0739332 0.899233 -0.621976 -0.0195751 0.944547 -0.610531 -0.0767337 0.942175 -0.610523 -0.0195762 0.944547 -0.61644 0.00981168 0.9324 -0.61859 -0.0187938 0.931865 -0.18695 0.130134 0.92728 -0.142804 0.0642855 0.944522 -0.13555 0.0685671 0.927647 -0.0579997 -0.0262091 0.953535 -0.0263698 -0.0270687 0.968914 -0.0251423 -0.0262391 0.953945 -0.0704567 -0.0276485 0.979033 -0.0591001 -0.0269593 0.966953 -0.614935 0.0110463 0.91492 -0.616942 -0.0174906 0.912728 -0.139944 -0.157741 0.897447 -0.108217 -0.0869108 0.921196 -0.13558 -0.162069 0.915156 -0.417346 0.16097 0.983218 -0.484572 0.122395 0.975607 -0.474714 0.110577 0.975777 -0.61828 -0.0167736 0.901605 -0.61859 -0.0187938 0.931865 -0.630326 -0.0174467 0.911727 -0.632116 -0.0188196 0.932522 -0.483041 -0.222032 0.886892 -0.413728 0.171094 0.91317 -0.256206 0.170462 0.924477 -0.189817 0.125951 0.909218 -0.553724 -0.0052354 0.875913 -0.527157 0.0677344 0.881777 -0.0580197 -0.0705069 0.951263 -0.0609402 -0.0933573 0.962617 -0.059967 -0.0926863 0.950749 -0.0672384 -0.0254696 0.939773 -0.0690963 -0.025654 0.943389 -0.56104 -0.0876717 0.95795 -0.534502 -0.16087 0.956167 -0.521217 -0.153245 0.957671 -0.61828 -0.0167736 0.901605 -0.630334 -0.0746041 0.909355 -0.630326 -0.0174467 0.911727 -0.0363183 -0.0255297 0.940805 -0.546328 -0.00411437 0.734613 -0.567225 0.00601347 0.52108 -0.584535 -0.101027 0.626464 -0.091653 -0.0273998 0.973535 -0.0704766 -0.0719452 0.976761 -0.0704567 -0.0276485 0.979033 -0.189862 -0.217113 0.890638 -0.071702 -0.0274491 0.975164 -0.091653 -0.0273998 0.973535 -0.58745 0.00908505 0.943679 -0.533055 0.0639501 0.951663 -0.55921 0.0579398 0.949937 -0.0690963 -0.025654 0.943389 -0.0251623 -0.0705359 0.951673 -0.40999 0.165719 0.895518 -0.05912 -0.0712571 0.964681 -0.0263897 -0.0713654 0.966642 -0.632124 -0.075977 0.93015 -0.621976 -0.0195751 0.944547 -0.632116 -0.0188196 0.932522 -0.398105 0.167651 0.847395 -0.329885 0.181166 0.870248 -0.405123 0.208038 0.783306 -0.0704766 -0.0719452 0.976761 -0.0717219 -0.0717458 0.972892 -0.0691163 -0.0699507 0.941117 -0.059967 -0.0926863 0.950749 -0.0691262 -0.092099 0.939981 -0.618598 -0.0759513 0.929493 -0.608459 -0.105153 0.937135 -0.608528 -0.076574 0.938315 -0.091653 -0.0273998 0.973535 -0.091643 -0.00525147 0.974671 -0.610523 -0.0195762 0.944547 -0.60852 -0.0194165 0.940687 -0.56104 -0.0876717 0.95795 -0.616455 -0.104504 0.927656 -0.0580197 -0.0705069 0.951263 -0.553734 -0.0830011 0.871701 -0.561773 -0.0049889 0.892976 -0.116267 -0.0866632 0.938259 -0.142833 -0.159633 0.932395 -0.610531 -0.0767337 0.942175 -0.608528 -0.076574 0.938315 -0.135934 -0.0145155 0.996834 -0.160651 0.0536583 0.998495 -0.168449 0.0494378 0.960574 -0.0717219 -0.0717458 0.972892 -0.0609402 -0.0933573 0.962617 -0.05912 -0.0712571 0.964681 -0.621983 -0.0767326 0.942175 -0.113378 -0.0847716 0.903311 -0.108207 -0.00681191 0.925534 -0.606835 -0.0739332 0.899233 -0.584526 -0.0741829 0.905177 -0.60552 -0.0741047 0.903377 -0.559631 -0.0867854 0.941587 -0.534502 -0.16087 0.956167 -0.116257 -0.0088975 0.942471 -0.587534 -0.0766511 0.940115 -0.507356 0.0509864 0.932816 -0.474714 0.110577 0.975777 -0.52119 0.0553044 0.968966 -0.410045 -0.255111 0.872727 -0.0890473 -0.0256047 0.94176 -0.584442 0.0115543 0.908741 -0.0599271 -0.00409186 0.955293 -0.605436 0.0116315 0.906941 -0.58745 0.00908505 0.943679 -0.584442 0.0115543 0.908741 -0.534768 -0.155179 0.740189 -0.0363183 -0.0255297 0.940805 -0.0672584 -0.0697664 0.937501 -0.0672384 -0.0254696 0.939773 -0.139915 0.0661782 0.909574 -0.0363383 -0.0698274 0.938533 -0.0251423 -0.0262391 0.953945 -0.0251623 -0.0705359 0.951673 -0.500473 -0.242592 0.707542 -0.423441 -0.272741 0.762833 -0.464186 -0.214847 0.760724 -0.256263 -0.262994 0.901002 -0.113367 -0.00700482 0.907523 -0.0916829 -0.093846 0.970127 -0.126196 -0.157353 0.961307 -0.0890772 -0.0920508 0.938352 -0.269766 -0.246093 0.973301 -0.212162 -0.198555 0.943555 -0.271017 -0.232327 0.936891 -0.0263897 -0.0713654 0.966642 -0.340906 0.158756 0.989378 -0.0890374 -0.00345633 0.942896 -0.587526 -0.0194937 0.942487 -0.257111 -0.255725 0.883705 -0.425076 -0.308226 0.733111 -0.608444 0.00916221 0.941879 -0.587534 -0.0766511 0.940115 -0.587526 -0.0194937 0.942487 -0.412154 -0.245442 0.961639 -0.337941 -0.243844 0.93077 -0.404862 -0.231716 0.925929 -0.60552 -0.0741047 0.903377 -0.584457 -0.102762 0.903997 -0.605451 -0.102685 0.902197 -0.584518 -0.0170244 0.907549 -0.340961 -0.258345 0.966789 -0.126167 0.0589644 0.974181 -0.091643 -0.00525147 0.974671 -0.123886 0.0603308 0.946443 -0.400485 -0.253796 0.783151 -0.0890772 -0.0920508 0.938352 -0.0717319 -0.0938953 0.971756 -0.0916829 -0.093846 0.970127 -0.400485 -0.253796 0.783151 -0.331148 -0.267328 0.808472 -0.587534 -0.0766511 0.940115 -0.587465 -0.10523 0.938935 -0.584526 -0.0741829 0.905177 -0.556623 -0.0848938 0.906649 -0.584457 -0.102762 0.903997 -0.482994 0.131323 0.906029 -0.477239 0.127106 0.888586 -0.123915 -0.155986 0.933569 -0.116267 -0.0866632 0.938259 -0.0890673 -0.0699025 0.939488 -0.0890772 -0.0920508 0.938352 -0.474756 -0.208942 0.958472 -0.463708 -0.197406 0.922952 -0.0890374 -0.00345633 0.942896 -0.0890673 -0.0699025 0.939488 -0.0890772 -0.0920508 0.938352 -0.0916729 -0.0716976 0.971263 -0.0660606 -0.104564 0.871859 -0.136831 -0.191618 0.871251 -0.107859 -0.202157 0.873004 -0.126196 -0.157353 0.961307 -0.142833 -0.159633 0.932395 -0.123915 -0.155986 0.933569 -0.40999 0.165719 0.895518 -0.333521 0.178916 0.901739 -0.212123 0.101792 0.959821 -0.126167 0.0589644 0.974181 -0.142804 0.0642855 0.944522 -0.145085 0.062784 0.972261 -0.584457 -0.102762 0.903997 -0.559238 -0.153462 0.936777 -0.587465 -0.10523 0.938935 -0.145085 0.062784 0.972261 -0.091643 -0.00525147 0.974671 -0.126167 0.0589644 0.974181 -0.135934 -0.0145155 0.996834 -0.135944 -0.086944 0.992912 -0.120838 -0.0896823 0.994005 -0.145114 -0.161136 0.960134 -0.0510819 -0.0299441 0.870558 -0.113367 -0.00700482 0.907523 -0.142833 -0.159633 0.932395 -0.484572 0.122395 0.975607 -0.534473 0.0630498 0.968294 -0.0916829 -0.093846 0.970127 -0.0717319 -0.0938953 0.971756 -0.487746 0.1778 0.692259 -0.331154 -0.31386 0.771597 -0.0890673 -0.0699025 0.939488 -0.55623 -0.151817 0.901839 -0.559252 -0.0819926 0.727005 -0.587465 -0.10523 0.938935 -0.605451 -0.102685 0.902197 -0.584457 -0.102762 0.903997 -0.120838 -0.0896823 0.994005 -0.123886 0.0603308 0.946443 -0.530076 -0.158077 0.904598 -0.55623 -0.151817 0.901839 -0.412102 0.146505 0.982866 -0.145114 -0.161136 0.960134 -0.33358 -0.268923 0.877485 -0.410045 -0.255111 0.872727 -0.331148 -0.267328 0.808472 -0.340904 0.174125 0.99021 -0.147366 0.0612815 1 -0.0890473 -0.0256047 0.94176 -0.0890673 -0.0699025 0.939488 -0.33358 -0.268923 0.877485 -0.556202 0.0595849 0.914999 -0.533055 0.0639501 0.951663 -0.530046 0.0658417 0.916725 -0.533084 -0.159968 0.939536 -0.530076 -0.158077 0.904598 -0.0890374 -0.00345633 0.942896 -0.142804 0.0642855 0.944522 -0.123886 0.0603308 0.946443 -0.15145 0.112877 0.891018 -0.141789 0.137626 0.890564 -0.254313 0.167632 0.882054 -0.416004 -0.298792 0.723535 -0.415882 -0.265113 0.750951 -0.326788 -0.304475 0.759676 -0.257056 0.165104 0.906497 -0.189817 0.125951 0.909218 -0.48921 -0.234599 0.699402 -0.493982 -0.268197 0.636688 -0.551417 -0.16655 0.646407 -0.452758 -0.204156 0.754105 -0.521642 -0.145906 0.734448 -0.2524 -0.297077 0.787318 -0.255003 -0.248396 0.822488 -0.169294 -0.265818 0.814697 -0.402321 -0.231839 0.886918 -0.391558 -0.240051 0.774885 -0.462084 -0.196703 0.886917 -0.505897 -0.143272 0.886917 -0.449802 0.117682 0.810209 -0.390808 0.153229 0.843404 -0.46243 0.107953 0.886917 -0.32858 0.165171 0.86489 -0.327481 0.19089 0.827525 -0.256592 0.148925 0.866911 -0.531172 -0.00831555 0.733138 -0.568089 -0.10042 0.625199 -0.551666 0.00326985 0.520533 -0.543557 -0.0809166 0.725026 -0.496331 0.0600533 0.771581 -0.523208 0.106678 0.585099 -0.474647 0.170156 0.686953 -0.529646 -0.078053 0.886917 -0.25431 0.188704 0.865373 -0.506786 0.0546325 0.886917 -0.326387 -0.2519 0.800683 -0.397055 0.196512 0.775435 -0.529717 -0.0107055 0.886917 -0.54558 -0.179435 0.540973 -0.402271 0.142409 0.886918 -0.334179 0.154496 0.886918 -0.253827 0.178833 0.852905 -0.555165 -0.0913381 0.507934 -0.333533 -0.244549 0.886918 -0.264717 -0.233418 0.886918 -0.202832 -0.199798 0.886918 -0.179147 -0.216288 0.843381 -0.265116 0.142378 0.886918 -0.203535 0.108296 0.886918 -0.128885 -0.00804547 0.886918 -0.153018 0.0568713 0.886918 -0.0680563 0.0665855 0.870346 -0.570884 -0.0921151 0.506095 -0.555165 -0.0913381 0.507934 -0.551666 0.00326985 0.520533 -0.54558 -0.179435 0.540973 -0.523208 0.106678 0.585099 -0.551666 0.00326985 0.520533 -0.416004 -0.298792 0.723535 -0.169626 -0.274586 0.827821 -0.2524 -0.297077 0.787318 -0.169294 -0.265818 0.814697 -0.326788 -0.304475 0.759676 -0.254541 -0.306492 0.799872 -0.0697668 -0.102474 0.855822 -0.107071 -0.19687 0.857712 -0.141031 -0.186395 0.856738 -0.474647 0.170156 0.686953 -0.5381 0.111422 0.58798 -0.158007 0.102295 0.879853 -0.253827 0.178833 0.852905 -0.327481 0.19089 0.827525 -0.329882 0.203115 0.837764 -0.132009 -0.0790797 0.886918 -0.551666 0.00326985 0.520533 -0.584442 0.0115543 0.908741 -0.556613 -0.00712807 0.910861 -0.584518 -0.0170244 0.907549 -0.15764 -0.146712 0.886918 -0.0587594 -0.0286998 0.856849 -0.493982 -0.268197 0.636688 -0.397055 0.196512 0.775435 -0.14267 0.132028 0.874941 -0.107071 -0.19687 0.857712 -0.14267 0.132028 0.874941 -0.0697668 -0.102474 0.855822 -0.0587594 -0.0286998 0.856849 -0.0890473 -0.0256047 0.94176 -0.0634869 0.0701243 0.886215 -0.0680563 0.0665855 0.870346 -0.113378 -0.0847716 0.903311 -0.463668 0.102941 0.939218 -0.0609402 -0.0933573 0.962617 -0.0691262 -0.092099 0.939981 -0.059967 -0.0926863 0.950749 -0.61495 -0.103269 0.910176 -0.608459 -0.105153 0.937135 -0.616455 -0.104504 0.927656 -0.139944 -0.157741 0.897447 -0.477284 -0.215958 0.870006 -0.091653 -0.0273998 0.973535 -0.139944 -0.157741 0.897447 -0.614935 0.0110463 0.91492 -0.608444 0.00916221 0.941879 -0.0363383 -0.0698274 0.938533 -0.61644 0.00981168 0.9324 -0.0395366 -0.0277085 0.980065 -0.587534 -0.0766511 0.940115 -0.559631 -0.0867854 0.941587 -0.587526 -0.0194937 0.942487 -0.116257 -0.0088975 0.942471 -0.0890473 -0.0256047 0.94176 -0.118542 -0.0104065 0.970344 -0.621976 -0.0195751 0.944547 -0.207112 0.109354 0.997694 -0.269714 0.145855 0.994528 -0.270969 0.136102 0.956844 -0.545933 -0.0850717 0.959332 -0.0916729 -0.0716976 0.971263 -0.071702 -0.0274491 0.975164 -0.584526 -0.0741829 0.905177 -0.091643 -0.00525147 0.974671 -0.621983 -0.0767326 0.942175 -0.0363183 -0.0255297 0.940805 -0.621983 -0.0767326 0.942175 -0.0363383 -0.0698274 0.938533 -0.207154 -0.210164 0.98039 -0.0395565 -0.0720063 0.977793 -0.0916729 -0.0716976 0.971263 -0.559621 -0.00901967 0.945799 -0.587465 -0.10523 0.938935 -0.484617 -0.220669 0.957027 -0.340963 -0.273713 0.965956 -0.417402 -0.25986 0.960427 -0.553724 -0.0052354 0.875913 -0.175766 -0.229809 0.855916 -0.254536 -0.264349 0.831478 -0.527187 -0.156184 0.86965 -0.553734 -0.0830011 0.871701 -0.160678 -0.154893 0.987201 -0.207154 -0.210164 0.98039 -0.197296 -0.221982 0.98056 -0.530046 0.0658417 0.916725 -0.145216 -0.0146452 0.959013 -0.189862 -0.217113 0.890638 -0.175766 -0.229809 0.855916 -0.534473 0.0630498 0.968294 -0.56103 -0.00990492 0.962162 -0.545924 -0.0126432 0.963255 -0.147395 -0.162637 0.987873 -0.58745 0.00908505 0.943679 -0.55921 0.0579398 0.949937 -0.340961 -0.258345 0.966789 -0.412154 -0.245442 0.961639 -0.417402 -0.25986 0.960427 -0.52119 0.0553044 0.968966 -0.254536 -0.264349 0.831478 -0.126196 -0.157353 0.961307 -0.160678 -0.154893 0.987201 -0.168475 -0.1466 0.949957 -0.135944 -0.086944 0.992912 -0.145225 -0.0827289 0.955325 -0.123915 -0.155986 0.933569 -0.556202 0.0595849 0.914999 -0.269714 0.145855 0.994528 -0.207112 0.109354 0.997694 -0.197251 0.121082 0.999139 -0.160678 -0.154893 0.987201 -0.340906 0.158756 0.989378 -0.340904 0.174125 0.99021 -0.533084 -0.159968 0.939536 -0.257111 -0.255725 0.883705 -0.400485 -0.253796 0.783151 -0.139915 0.0661782 0.909574 -0.509798 0.0690644 0.77318 -0.474756 -0.208942 0.958472 -0.584442 0.0115543 0.908741 -0.168475 -0.1466 0.949957 -0.160678 -0.154893 0.987201 -0.477284 -0.215958 0.870006 -0.559238 -0.153462 0.936777 -0.340963 -0.273713 0.965956 -0.269766 -0.246093 0.973301 -0.264466 0.160272 0.99574 -0.61695 -0.0746481 0.910356 -0.484617 -0.220669 0.957027 -0.05912 -0.0712571 0.964681 -0.264521 -0.260558 0.972948 -0.61495 -0.103269 0.910176 -0.147395 -0.162637 0.987873 </float_array>
          <technique_common>
            <accessor count="524" offset="0" source="#meshId2-positions-array" stride="3">
              <param name="X" type="float" />
              <param name="Y" type="float" />
              <param name="Z" type="float" />
            </accessor>
          </technique_common>
        </source>
        <source id="meshId2-normals" name="meshId2-normals">
          <float_array id="meshId2-normals-array" count="1572"> 0.87985 0.0848815 -0.467609 0.537234 0.0728234 -0.840283 0.980968 0.0987837 -0.167165 -0.549348 -0.526848 -0.648573 -0.372638 -0.876169 -0.305726 -0.902969 -0.373201 0.212998 -0.162134 -0.050471 0.985477 -0.15448 -0.0450597 0.986968 -0.102271 -0.0591705 0.992995 0.724055 -0.689382 0.0222784 0.640571 -0.767815 0.011371 0.6497 -0.743325 0.159244 -0.0838066 -0.0538565 0.995026 -0.425563 -0.0192461 0.904724 -0.052954 -0.0439045 0.997631 0.61432 -0.762405 0.203344 0.625997 -0.767768 0.136602 0.863126 -0.503158 0.0429526 -0.953615 0.0930433 0.286289 -0.981646 -0.168683 -0.0889824 -0.934571 -0.231359 0.270279 0.684434 0.72278 0.0956047 0.769805 0.630792 0.0974758 0.626919 0.749151 0.21388 0.285208 -0.958054 -0.0280864 0.0442985 -0.990165 0.132703 0.375288 -0.912267 0.164097 0.79095 0.451628 0.412832 0.891988 0.197041 0.406858 0.79095 0.451628 0.412832 -0.969351 0.235359 -0.0704557 -0.710652 0.70314 -0.0238555 -0.98964 0.120074 -0.0787069 0.911176 -0.130875 0.39068 0.911204 0.087677 0.402516 0.89193 -0.240063 0.383185 0.328808 -0.048521 0.94315 0.818655 -0.0297833 0.573513 0.328808 -0.048521 0.94315 -0.644021 -0.759916 0.0881158 -0.657219 -0.747626 -0.0954872 -0.713574 -0.694087 0.0951621 -0.285183 0.958071 0.0277672 -0.0148777 0.972048 0.234309 -0.350237 0.914334 0.203292 0.395397 0.914811 0.082357 0.320265 0.911334 0.258653 -0.661863 0.724335 0.19307 -0.863126 0.503158 -0.0429526 -0.767783 0.608811 0.199646 -0.169071 0.0415214 -0.984729 0.116802 0.0432497 -0.992213 -0.382161 0.0624887 -0.92198 0.000131421 0.998537 0.0540788 0.29272 0.912515 -0.285713 -0.0288077 0.95036 -0.309817 -0.00214554 0.998415 0.0562322 -0.00214554 0.998415 0.0562322 -0.00214554 0.998415 0.0562322 0.000730435 -0.997926 -0.0643693 0.00545393 -0.998124 -0.0609846 0.00070365 -0.997813 -0.0660929 -0.0818637 -0.0538865 0.995186 -0.0818637 -0.0538865 0.995186 -0.0818637 -0.0538865 0.995186 0.275166 -0.0267798 0.961024 0.872532 0.0443338 0.486542 0.885644 0.0675326 0.459427 -0.00214554 0.998415 0.0562322 -0.000131421 -0.998537 -0.0540788 -0.29403 -0.949804 0.106862 -0.341219 -0.936702 -0.0784797 -0.778094 -0.441779 -0.446544 -0.866362 -0.498528 0.0297816 0.981544 0.168897 0.0896901 0.981499 -0.177854 0.0709108 0.981552 0.168881 0.0896356 0.890831 -0.451715 0.0487237 0.724055 -0.689382 0.0222784 -0.026449 -0.96277 0.269025 0.24382 -0.92456 0.292815 0.347898 -0.887081 0.303405 0.890831 -0.451715 0.0487237 -0.000263734 -0.998625 -0.0524143 -0.00091413 -0.998548 -0.0538544 -0.00033114 -0.99869 -0.0511608 0.148172 0.0409828 -0.988112 0.129938 0.041096 -0.99067 0.116802 0.0432497 -0.992213 -0.00608327 0.998678 0.0510358 -0.00545393 0.998124 0.0609846 -0.00919034 0.998971 0.0444162 -0.719424 0.677053 0.155013 -0.815823 0.562672 -0.13354 -0.583609 0.80524 -0.104826 -0.00451287 -0.99811 -0.061284 -0.000844197 -0.998005 -0.0631358 -0.226841 0.0404136 -0.973093 0.129938 0.041096 -0.99067 -7.98859e-06 -0.0414646 0.99914 0.0297809 -0.0414502 0.998697 0.0595697 -0.0413988 0.997365 -0.877729 0.031505 0.47812 -0.973512 0.0690539 0.21796 0.626196 0.74836 0.218713 0.662531 0.680669 0.312639 0.866362 0.498528 -0.0297816 0.000682992 0.998529 0.054222 3.89666e-05 0.998412 0.0563321 0.000200219 0.998529 0.0542261 -0.00155776 0.9985 0.0547258 -0.00149838 0.998478 0.055137 -0.869093 0.0792767 -0.488255 -0.848791 0.0996078 -0.519261 0.860467 -0.403797 -0.310717 0.981532 -0.177955 0.0701973 0.863126 -0.503158 0.0429526 -0.0818637 -0.0538865 0.995186 -0.0818637 -0.0538865 0.995186 -0.0818637 -0.0538865 0.995186 -0.000730435 0.997926 0.0643693 0.00451287 0.99811 0.061284 -0.00070365 0.997813 0.0660929 0.000844197 0.998005 0.0631358 -0.626196 -0.74836 -0.218713 -0.340972 0.939788 0.0231473 0.341219 0.936702 0.0784797 0.625608 0.732332 -0.268895 -0.877065 0.2381 -0.417211 -0.749668 0.534064 -0.390863 0.993099 -0.0889468 0.0764386 0.993099 -0.0889468 0.0764386 0.9931 -0.08896 0.0764123 0.000263734 0.998625 0.0524143 0.00033114 0.99869 0.0511608 -0.0818637 -0.0538865 0.995186 -0.0818637 -0.0538865 0.995186 -0.0818637 -0.0538865 0.995186 -0.45369 0.0370113 -0.890391 -0.887741 0.0192049 -0.459943 -0.887741 0.0192049 -0.459943 0.000162422 0.998553 0.0537681 -0.959451 0.265971 0.0933388 -0.678408 0.406654 -0.611878 -0.993373 -0.0499539 0.103511 -0.16075 -0.0508944 0.985682 -0.179653 -0.0503075 0.982443 -0.106627 -0.0508816 0.992996 0.625419 -0.699173 -0.346422 -0.00309765 0.998623 0.05236 -0.00179467 0.998649 0.0519419 -0.0838066 -0.0538565 0.995026 -0.0727217 -0.0727536 0.994695 -0.0419933 -0.103087 0.993786 0.293397 0.0488355 -0.954743 -0.000151719 -0.998507 -0.0546208 -0.343003 0.875885 -0.339373 0.00106613 -0.998475 -0.055189 7.84189e-06 -0.998402 -0.0565031 -0.902942 -0.017701 0.429397 -0.765009 -0.0266033 0.64347 -0.985618 -0.00687719 0.168847 -0.453079 0.874611 0.172554 -0.142005 0.940766 0.307887 -0.125273 0.991601 0.0321652 0.00155776 -0.9985 -0.0547258 0.00309765 -0.998623 -0.05236 0.537288 0.0148224 -0.843268 0.719592 -0.00460029 -0.694382 0.330582 0.0481932 -0.942546 -0.878663 -0.0725868 0.471893 -0.426074 -0.0570594 0.902887 -0.392233 -0.0388919 0.919043 -0.16075 -0.0508944 0.985682 -0.121458 -0.0579854 0.990901 0.00470802 0.998539 0.0538378 0.00881209 0.998904 0.0459594 -0.989664 -0.110665 -0.0912027 -0.982966 -0.0843126 0.16331 0.673036 -0.0419916 -0.738417 -0.895935 -0.0839541 -0.436178 -0.981532 0.177955 -0.0701973 0.877065 -0.2381 0.417211 0.61432 -0.762405 0.203344 -0.00470802 -0.998539 -0.0538378 -0.00881209 -0.998904 -0.0459594 -0.94456 -0.23167 0.23267 -0.814619 -0.533733 0.22699 -0.869981 -0.437383 0.227659 0.275492 -0.0705983 0.958707 0.597644 -0.0810829 0.797651 0.545122 -0.122372 0.829378 -0.000131572 -0.998041 -0.0625562 0.953615 -0.0930433 -0.286289 0.981646 0.168683 0.0889824 0.00608327 -0.998678 -0.0510358 -0.000130123 -0.99914 -0.0414652 0.00919034 -0.998971 -0.0444162 -0.969412 -0.226119 -0.0954485 -0.89071 -0.443386 -0.100223 0.895935 0.0839541 0.436178 -0.000130237 -0.99914 -0.0414638 0.76191 -0.540939 0.356199 0.580146 -0.744342 0.330735 0.817297 -0.445095 0.365945 -0.343228 -0.83402 -0.431978 -0.00164786 0.99874 0.0501466 0.0833644 0.05761 -0.994852 -0.00214554 0.998415 0.0562322 -0.00234691 0.997524 0.0702879 -0.00234691 0.997524 0.0702879 -0.00234691 0.997524 0.0702879 -0.87227 -0.410627 0.265578 0.0334199 0.0511779 -0.99813 -0.028814 0.0512132 -0.998272 -0.028814 0.0512132 -0.998272 0.834381 0.483104 -0.265366 0.762187 0.0328164 -0.646524 0.951963 0.0152572 -0.305831 0.951963 0.0152572 -0.305831 -0.702544 -0.498641 0.507729 -0.47192 -0.4763 0.74191 -0.671408 -0.642323 0.369638 0.340972 -0.939788 -0.0231473 0.934571 0.231359 -0.270279 0.875156 -0.481785 0.0445468 0.875359 -0.481238 0.0464303 0.875359 -0.481238 0.0464303 -0.400441 0.852478 0.336047 -0.589382 0.744056 0.314658 -0.296358 0.889952 0.346637 0.943669 -0.0173724 0.330434 -0.026449 -0.96277 0.269025 0.0607384 0.0617111 -0.996244 0.000130237 0.99914 0.0414638 0.292484 -0.876398 -0.382596 -0.20035 -0.97964 0.0128632 -0.460279 -0.0357702 0.887053 -0.0213432 -0.0414498 0.998913 -0.052954 -0.0439045 0.997631 0.244058 0.887464 0.390951 0.0292349 0.926406 0.375391 0.348127 0.849033 0.397429 -0.122409 0.0406541 -0.991647 0.0869778 0.0588491 -0.994471 -0.381122 0.0124651 -0.924441 0.000130123 0.99914 0.0414652 -0.0815201 0.926916 0.366309 0.876464 0.471937 0.0953269 0.876032 0.472412 0.0969234 0.876032 0.472412 0.0969234 -0.47935 -0.806058 0.347123 0.00214554 -0.998415 -0.0562322 0.00214554 -0.998415 -0.0562322 0.00214554 -0.998415 -0.0562322 -0.47935 -0.806058 0.347123 -0.308951 -0.541425 0.781926 -0.0213432 -0.0414498 0.998913 -0.087383 -0.063934 0.994121 0.148172 0.0409828 -0.988112 0.0746027 0.0467788 -0.996116 0.0869778 0.0588491 -0.994471 -0.625997 0.767768 -0.136602 -0.571276 0.734594 -0.366081 0.875559 -0.48069 0.0483137 0.0130564 0.0575231 -0.998259 0.0198343 0.0512025 -0.998491 0.0415164 0.0554086 -0.9976 0.580337 0.704117 0.409181 0.580337 0.704117 0.409181 0.875598 0.472886 0.0985197 0.0198343 0.0512025 -0.998491 0.0415164 0.0554086 -0.9976 0.00179467 -0.998649 -0.0519419 0.785718 -0.262277 0.56023 0.378148 -0.390803 0.839212 0.591541 -0.568704 0.571537 0.194622 -0.980264 -0.0347044 0.61432 -0.762405 0.203344 0.19114 -0.98102 -0.0326406 -0.288916 0.95724 -0.0147987 0.0532066 0.994733 0.0876069 -0.674426 -0.701798 0.229409 0.194336 0.978674 0.0665681 0.662531 0.680669 0.312639 0.769805 0.630792 0.0974758 -0.862264 -0.495797 -0.103375 -0.703237 -0.704188 -0.0978601 -0.860025 -0.498435 -0.109179 -0.127553 -0.0651351 0.989691 -0.121458 -0.0579854 0.990901 -0.111289 -0.0522628 0.992413 -0.0818637 -0.0538865 0.995186 -0.0818637 -0.0538865 0.995186 -0.0818637 -0.0538865 0.995186 -0.0954934 -0.0716204 0.99285 0.986373 -0.0794413 0.144071 0.453884 -0.0317146 0.890496 0.0355276 0.0596705 -0.997586 -0.640415 0.767919 -0.0129767 -0.862838 0.503353 -0.0463213 -0.102271 -0.0591705 0.992995 0.306021 -0.0489015 0.950768 -0.372622 0.911369 -0.174811 -0.0921887 -0.959217 0.267216 0.00164786 -0.99874 -0.0501466 -0.475965 -0.875384 -0.0846243 -0.992764 -0.0544352 0.107036 0.00234691 -0.997524 -0.0702879 0.00234691 -0.997524 -0.0702879 0.00234691 -0.997524 -0.0702879 0.9815 -0.177869 0.0708557 0.19793 0.978095 0.0644482 0.097667 0.085138 -0.991571 0.132493 0.119458 -0.983959 -0.0818637 -0.0538865 0.995186 0.724055 -0.689382 0.0222784 0.00799937 -0.999173 0.0398713 -0.289083 -0.956318 -0.043443 -0.104001 -0.994178 -0.0281592 0.0586321 0.996544 0.0588421 0.863186 0.495322 0.0978022 -0.0124296 0.0517006 -0.998585 0.0198343 0.0512025 -0.998491 -0.0290527 -0.911333 -0.410643 -0.593183 0.805028 -0.00795903 -0.710652 0.70314 -0.0238555 -0.767783 0.608811 0.199646 -0.657219 -0.747626 -0.0954872 -0.713574 -0.694087 0.0951621 0.0607384 0.0617111 -0.996244 0.067715 0.0776226 -0.994681 0.125718 0.123412 -0.98436 0.263109 0.389413 0.882684 0.455463 0.756852 0.468751 0.17047 0.826102 0.537117 0.549738 -0.163511 -0.819178 0.473127 0.475337 -0.741758 0.365449 -0.00876339 -0.93079 0.336502 0.932075 0.134174 0.503599 0.754765 0.420379 0.702326 0.498158 -0.508505 0.774816 -0.146575 -0.61496 0.903718 0.371278 -0.213182 0.662561 0.631865 -0.402194 0.867059 0.406069 -0.288648 0.400325 -0.312124 -0.861579 0.0027286 0.802477 -0.596677 0.520487 -0.0609503 -0.851691 0.299511 0.952991 -0.045853 0.477216 0.785061 -0.394897 0.604644 0.796491 -0.00281355 0.806796 0.588159 -0.0561126 0.724552 -0.6601 -0.198225 0.462897 -0.846657 -0.262485 0.604675 -0.796208 -0.0205175 0.124093 -0.880022 -0.458435 0.405109 -0.0160689 -0.914127 -0.117584 -0.681318 -0.722482 0.958341 -0.262685 -0.11216 0.993449 0.0510756 -0.10223 0.723382 0.06606 -0.687281 0.988847 0.0553805 -0.138254 0.893692 -0.432869 -0.118065 0.711827 0.227856 -0.664367 0.734869 0.240822 -0.634013 0.971354 0.218787 -0.0927555 0.311232 0.949942 0.0272827 0.836573 -0.545365 0.0521689 0.241006 0.845917 -0.475753 0.654917 -0.125929 -0.745135 0.970751 -0.239837 -0.0109746 0.822779 -0.176878 -0.540138 0.305549 -0.925762 -0.222719 -0.0616894 -0.907278 -0.415981 0.331655 0.310018 -0.891007 0.66302 -0.123039 -0.738421 0.00138902 0.990781 -0.135468 -0.29846 0.890204 -0.344178 -0.441615 0.652095 -0.616237 -0.175109 0.67379 -0.717874 -0.301232 -0.860889 -0.410036 -0.288178 -0.566048 -0.772362 -0.344656 0.0289932 -0.938281 -0.175671 -0.136086 -0.974998 0.253538 0.262405 -0.931054 -0.485708 -0.0422299 -0.8731 0.66302 -0.123039 -0.738421 0.723382 0.06606 -0.687281 0.822779 -0.176878 -0.540138 0.711827 0.227856 -0.664367 0.723382 0.06606 -0.687281 0.549738 -0.163511 -0.819178 0.390254 -0.874824 0.287026 0.400325 -0.312124 -0.861579 0.520487 -0.0609503 -0.851691 0.365449 -0.00876339 -0.93079 0.202238 -0.979329 0.00377697 0.315418 -0.0673365 -0.946561 0.633244 -0.136355 -0.761846 -0.319428 0.352498 -0.879608 0.734869 0.240822 -0.634013 -0.588153 0.726494 -0.355362 -0.131681 -0.25572 -0.957741 0.331655 0.310018 -0.891007 0.405109 -0.0160689 -0.914127 0.173806 0.984771 -0.00428374 -0.493874 0.188345 -0.848891 0.723382 0.06606 -0.687281 0.0833644 0.05761 -0.994852 0.102068 0.0456675 -0.993729 0.116802 0.0432497 -0.992213 -0.574108 0.3297 -0.749465 0.523682 0.0972635 -0.846344 0.774816 -0.146575 -0.61496 0.654917 -0.125929 -0.745135 0.303904 0.34685 -0.887321 0.633244 -0.136355 -0.761846 0.303904 0.34685 -0.887321 0.315418 -0.0673365 -0.946561 0.523682 0.0972635 -0.846344 -0.0124296 0.0517006 -0.998585 0.761332 0.315815 0.566247 0.253538 0.262405 -0.931054 0.601632 -0.247785 0.759369 0.580146 -0.744342 0.330735 0.00214554 -0.998415 -0.0562322 0.00214554 -0.998415 -0.0562322 0.00214554 -0.998415 -0.0562322 0.00234691 -0.997524 -0.0702879 0.00234691 -0.997524 -0.0702879 0.00234691 -0.997524 -0.0702879 0.656384 -0.422823 0.624805 -0.571463 -0.690611 -0.443268 -0.16075 -0.0508944 0.985682 0.860467 -0.403797 -0.310717 -0.00234691 0.997524 0.0702879 -0.00234691 0.997524 0.0702879 0.0334199 0.0511779 -0.99813 -0.00234691 0.997524 0.0702879 4.23682e-05 0.998354 0.0573527 -0.0213432 -0.0414498 0.998913 -0.0736906 -0.0467051 0.996187 -0.052954 -0.0439045 0.997631 0.00727196 0.0455677 -0.998935 -0.0124296 0.0517006 -0.998585 -0.147965 -0.0606714 0.98713 0.000131572 0.998041 0.0625562 -0.589595 -0.773514 0.232495 -0.296626 -0.92209 0.248521 -0.400696 -0.883659 0.242052 -0.0818637 -0.0538865 0.995186 -0.162134 -0.050471 0.985477 0.245836 -0.04976 0.968033 0.148172 0.0409828 -0.988112 -0.00214554 0.998415 0.0562322 -7.98859e-06 -0.0414646 0.99914 0.762187 0.0328164 -0.646524 -0.765009 -0.0266033 0.64347 -0.000162422 -0.998553 -0.0537681 -0.674239 0.673106 0.303858 -4.23682e-05 -0.998354 -0.0573527 -0.162134 -0.050471 0.985477 -0.101187 -0.0457579 0.993815 -0.087383 -0.063934 0.994121 -0.684244 -0.722705 -0.0975077 -0.0586253 -0.99654 -0.0589243 -0.395336 -0.914768 -0.0831216 -0.967041 0.249545 -0.0505854 -0.0572903 -0.440245 0.896048 -0.126566 -0.584305 0.801604 -0.80422 -0.594314 -0.00461754 -0.974335 -0.22115 0.0419913 -0.0818637 -0.0538865 0.995186 -0.0818637 -0.0538865 0.995186 -0.0818637 -0.0538865 0.995186 0.072262 0.0739793 -0.994638 -0.963777 -0.122306 0.237013 0.4818 -0.679806 0.55293 0.431771 -0.822166 0.370968 -0.0818637 -0.0538865 0.995186 -0.0818637 -0.0538865 0.995186 -0.0818637 -0.0538865 0.995186 -0.0818637 -0.0538865 0.995186 -0.86058 0.507402 -0.0440926 -0.592435 0.805513 -0.0129996 -0.0818637 -0.0538865 0.995186 -0.0818637 -0.0538865 0.995186 -0.0818637 -0.0538865 0.995186 -0.0818637 -0.0538865 0.995186 0.185963 -0.976738 0.106774 -0.0381369 -0.117096 0.992388 -0.86987 0.410467 0.273576 -0.814482 0.506311 0.283317 -0.963748 0.0962462 0.248849 -0.944503 0.205434 0.256343 0.0530514 0.0457283 -0.997544 0.0403645 0.105783 -0.99357 -0.0818637 -0.0538865 0.995186 -0.0818637 -0.0538865 0.995186 -0.0818637 -0.0538865 0.995186 -0.0818637 -0.0538865 0.995186 -0.0818637 -0.0538865 0.995186 -0.0818637 -0.0538865 0.995186 -0.0981691 -0.0865365 0.9914 0.310011 -0.911851 0.269111 -0.47935 -0.806058 0.347123 0.353679 0.310783 0.882227 -0.890939 0.446052 0.0852361 -0.0818637 -0.0538865 0.995186 -0.859261 0.510135 -0.0378428 -0.814482 0.506311 0.283317 -0.86987 0.410467 0.273576 -0.596812 -0.798508 -0.0787453 -0.134316 -0.122536 0.983333 -0.0818637 -0.0538865 0.995186 -0.0818637 -0.0538865 0.995186 -0.0818637 -0.0538865 0.995186 -0.867674 -0.0395716 -0.495556 -0.0818637 -0.0538865 0.995186 0.993098 -0.0889337 0.0764648 -0.0818637 -0.0538865 0.995186 -0.884205 -0.0588815 -0.463374 -0.0818637 -0.0538865 0.995186 </float_array>
          <technique_common>
            <accessor count="524" offset="0" source="#meshId2-normals-array" stride="3">
              <param name="X" type="float" />
              <param name="Y" type="float" />
              <param name="Z" type="float" />
            </accessor>
          </technique_common>
        </source>
        <source id="meshId2-tangents" name="meshId2-tangents">
          <float_array id="meshId2-tangents-array" count="1572"> -0.471849 0.0384975 -0.880839 -0.843343 0.0317907 -0.536435 -0.174341 0.0690666 -0.98226 -0.320336 -0.584095 0.7458 0.294615 -0.424111 0.856348 0.291669 -0.168301 0.941597 -0.000449356 -0.998687 -0.0512214 -0.238267 -0.967776 -0.0814769 -0.233399 -0.968936 -0.0817752 0.685132 0.722568 0.0921397 0.763833 0.638631 0.0933253 0.741195 0.665947 0.0845255 -0.996482 0.00357102 -0.083736 -0.904774 0.0275525 -0.425 -0.998597 0.00223117 -0.0529071 0.755961 0.642527 0.125226 0.763965 0.638932 0.0901335 0.498792 0.86273 0.0830921 -0.121087 -0.989264 -0.0818263 0.172831 -0.984093 -0.0411242 0.224341 -0.972841 -0.0570259 -0.724559 0.688894 -0.0209831 -0.633177 0.773964 -0.00808394 -0.763611 0.645301 -0.0220021 0.955208 0.281703 0.0906683 0.996425 0.0533575 0.0655041 0.917061 0.391173 0.0773435 0.498213 -0.867034 -0.00601946 0.222643 -0.974768 -0.0160385 0.498211 -0.867035 -0.0060147 -0.230542 -0.970527 -0.0702008 -0.698225 -0.709035 -0.0987531 -0.115428 -0.991432 -0.0611457 -0.122959 -0.991376 -0.0453302 0.122712 -0.990501 -0.0620397 -0.222885 -0.97074 -0.0893603 -0.000338704 0.998673 0.0514956 -0.000139152 0.998644 0.0520596 -0.000379052 0.998672 0.0515096 0.764189 -0.644377 0.0281607 0.749056 -0.661949 0.0271899 0.695313 -0.71827 -0.0250591 -0.955206 -0.281701 -0.0906944 -0.997286 0.00247287 -0.0735825 -0.936596 -0.3393 -0.0875411 -0.915068 0.400084 -0.0508219 -0.937671 0.343841 -0.0504577 -0.747705 -0.656317 -0.100922 -0.498778 -0.862721 -0.0832669 -0.630176 -0.773834 -0.0637109 0.985539 0.0185682 -0.168427 0.993155 -0.00502531 0.116694 0.924089 0.0294992 -0.381036 -0.997415 0.00401693 -0.0717467 -0.954612 0.296088 -0.0323724 -0.997401 -0.0478087 -0.0539114 -0.99666 0.0024558 -0.0816308 -0.996666 0.00245139 -0.0815528 -0.996689 0.00243556 -0.0812726 -0.993949 0.00634569 -0.109657 -0.993935 0.00128779 -0.109966 -0.993949 0.00656154 -0.109642 -0.172939 0.984158 0.0390635 -0.498208 0.867037 0.00596515 -0.498212 0.867035 0.00596478 0.961347 0.017873 -0.27476 0.484527 0.0491306 -0.873396 0.4568 0.0511468 -0.888098 -0.99671 0.00242122 -0.0810188 0.997415 -0.00401696 0.0717472 0.955734 -0.290897 0.0441665 0.937182 -0.345456 0.0484755 0.498277 -0.866954 -0.010534 0.498447 -0.866855 -0.0106085 -0.172873 0.98419 0.0385292 0.173178 0.98258 0.0674258 -0.172841 0.984202 0.0383731 0.446924 0.890537 0.0848718 0.684872 0.722399 0.0953441 -0.996652 0.00456989 -0.0816307 -0.951514 -0.28644 -0.11213 -0.918783 -0.386991 -0.0779465 0.446919 0.890533 0.0849334 0.996545 -0.00461559 0.0829243 0.996593 -0.00535099 0.0822999 0.99652 -0.00459369 0.0832218 0.000132684 0.99914 0.0414601 0.000131447 0.99914 0.0414646 -0.000112526 0.999052 0.0435346 0.998095 0.00293044 0.0616257 0.998106 0.00169622 0.0615001 0.998065 0.00643194 0.0618521 0.249476 0.0436 0.967399 -0.0462667 0.166673 0.984926 0.229231 0.287211 0.930034 -0.99394 0.011208 -0.109348 -0.993951 0.00777081 -0.109545 0.00013168 0.99914 0.0414646 0.000132291 0.99914 0.0414647 0.00013207 0.99914 0.0414646 0.000131394 0.99914 0.0414646 0.00013231 0.99914 0.0414646 -0.474931 0.075029 -0.876819 -0.214857 0.0496523 -0.975383 -0.763796 0.645129 -0.020588 -0.700795 0.710653 -0.0621204 -0.498448 0.866855 0.0105972 -0.996761 0.0050402 -0.0802626 -0.996761 0.00456937 -0.0802966 -0.996757 0.00456268 -0.0803377 -0.996819 0.00281026 -0.079649 -0.996765 0.00293935 -0.0803165 0.493125 0.0614474 -0.867785 0.526022 0.059843 -0.848363 0.437222 0.898306 0.0433901 0.173422 0.982623 0.0661581 0.498639 0.862631 0.0850113 -0.936584 -0.337236 -0.0953035 -0.763557 -0.638356 -0.0973752 -0.763555 -0.638358 -0.0973752 0.99812 -0.00321738 0.0612057 0.99811 -0.00825175 0.0608939 0.99812 -0.00334946 0.0611936 0.99812 -0.00470986 0.061104 0.763804 -0.645122 0.0205398 -0.937274 -0.337955 -0.085458 -0.937182 0.345456 -0.0484793 -0.763909 0.644993 -0.0206709 -0.221179 -0.97114 -0.0892606 -0.540003 -0.835053 -0.105276 -0.0815931 -0.0558302 0.995101 -0.0816107 -0.0560385 0.995088 -0.0816034 -0.0562525 0.995076 -0.996809 0.00444607 -0.0796933 -0.996835 0.00439701 -0.0793804 0.172939 -0.984158 -0.0390635 0.49821 -0.867036 -0.00596499 0.4982 -0.867042 -0.00596609 0.000131147 0.99914 0.0414649 0.000131437 0.99914 0.0414653 0.000131438 0.99914 0.0414653 -0.996762 0.00448535 -0.0802886 0.0560879 -0.144372 0.987933 -0.647718 0.062005 0.759353 0.111257 -0.191962 0.975076 8.86097e-05 0.998669 0.0515794 0.000183331 0.99869 0.0511729 -0.000125682 0.99869 0.0511599 0.764079 0.638785 0.0902037 -0.996839 0.00107293 -0.0794369 -0.996872 0.00231751 -0.0790005 -0.29062 -0.953807 -0.0761031 -0.476843 -0.873424 -0.0987454 -0.497396 -0.860486 -0.110277 -0.955991 0.0154483 -0.29299 0.996599 -0.00465181 0.0822701 -0.920201 -0.385869 -0.0658449 0.996599 -0.00348656 0.0823307 0.996603 -0.00464536 0.0822212 0.000131833 0.99914 0.0414647 0.000131787 0.99914 0.0414646 0.000131861 0.99914 0.0414651 0.60148 0.157049 0.783299 0.923132 0.0135915 0.384242 0.571709 0.0456542 0.819185 0.996549 -0.00299161 0.0829501 0.996522 -0.00127784 0.0833263 0.843316 -0.0234708 0.536906 0.693703 -0.0399442 0.719153 0.943777 -0.0174785 0.33012 0.475883 -0.0533221 0.877891 0.904688 -0.0281948 0.425142 0.919821 -0.0264581 0.391445 0.986994 -0.00654904 0.160626 0.992594 -0.00480236 0.121385 0.998114 -0.00798768 0.0608656 0.998093 -0.0115947 0.0606351 0.115069 -0.99236 -0.0445169 0.170058 -0.080231 0.982163 0.737516 -0.0369689 0.674317 0.124482 -0.990082 -0.0651259 -0.173461 -0.982648 -0.0656809 0.220929 0.971148 0.0897907 0.736047 0.646557 0.200495 -0.993948 0.0105818 -0.109343 -0.993931 0.0137896 -0.109138 -0.225642 0.97279 0.0525793 -0.5442 0.838737 0.0191463 -0.450665 0.892664 -0.007174 -0.9613 -0.0176966 0.274934 -0.801495 -0.034756 0.596991 -0.83741 -0.0324759 0.54561 -0.993951 0.00700084 -0.109603 0.121136 0.989243 0.0819967 -0.172842 0.984085 0.0412646 -0.99392 -0.000427507 -0.110106 -0.993927 0.00469216 -0.109943 -0.993884 -0.00423723 -0.110349 0.230179 -0.972562 -0.0337728 0.4468 -0.894533 -0.0134263 -0.124559 0.990062 0.0652872 -0.993971 0.00467559 -0.109544 -0.541418 -0.833774 -0.10811 -0.763564 -0.63836 -0.0972958 -0.453909 -0.888529 -0.0669531 0.920091 -0.39098 0.0238083 -0.996861 0.00232852 -0.0791335 0.996518 -0.00353926 0.0832991 -0.9967 0.00242786 -0.0811363 0.996304 -0.00370321 0.0858224 0.996307 -0.00369998 0.0857766 0.996338 -0.00367469 0.0854188 0.363122 -0.180108 0.914168 0.00108976 0.998686 0.0512428 0.000890595 0.998688 0.0512088 0.000890952 0.998688 0.0512088 -0.498362 0.866896 0.0112199 0.00120598 0.998641 0.0521108 0.000768786 0.998636 0.0522125 0.000799005 0.998631 0.0523063 0.613218 -0.0621564 0.787465 0.860928 -0.067621 0.504213 0.608645 -0.193369 0.769519 0.937274 0.337955 0.0854651 -0.224329 0.972841 0.0570688 -0.473975 -0.872168 -0.121125 -0.476949 -0.875279 -0.0800397 -0.474524 -0.873578 -0.108116 0.915772 0.385025 0.114529 0.797471 0.598108 0.0794168 0.954515 0.288432 0.0755486 7.40797e-05 0.998632 0.052291 -0.996652 0.00456777 -0.0816383 -0.99815 0.00118646 -0.0607811 0.998132 -0.00266344 0.061045 0.954689 0.290613 0.064138 0.772616 -0.14991 0.616921 -0.887712 0.0303527 -0.459397 0.000132374 0.99914 0.0414621 -4.86938e-07 0.999033 0.0439662 0.951438 -0.297124 0.0805236 0.99661 -0.0559087 0.0603595 0.918681 -0.393385 0.0356799 -0.992426 -0.0153854 0.121874 -0.996209 0.00377049 -0.0869067 -0.924376 -0.0230679 0.380784 0.998107 -0.0026801 0.0614473 0.993618 0.046834 0.102615 0.473519 -0.880758 0.00671849 0.477408 -0.877952 -0.0358006 0.475289 -0.879796 -0.00765657 0.816362 -0.264347 0.513492 0.996655 -0.00245873 0.0816826 0.996663 -0.00245354 0.0815908 0.99661 -0.00249021 0.0822398 0.823947 -0.277133 0.494276 0.951025 -0.167166 0.260014 0.999772 -0.00100258 0.02132 0.996173 -0.00378436 0.08732 0.000828579 -0.999146 -0.0413162 0.178588 -0.983377 -0.0328055 0.292605 -0.955732 -0.030965 -0.764031 -0.638911 -0.0897109 -0.764161 -0.638805 -0.0893681 -0.477434 -0.876218 -0.0655576 -0.23989 -0.969007 -0.0589751 -0.000449596 -0.998687 -0.0512215 -0.233838 -0.970192 -0.0636178 0.763395 -0.645334 0.0277735 0.763397 -0.645333 0.0277683 0.478873 -0.876531 -0.0487346 0.999802 0.00074672 0.0198986 0.999136 -0.000196651 0.0415693 0.996495 -0.00255824 0.0836158 0.599161 0.0975117 -0.794668 0.921853 0.0759183 -0.380032 0.794974 0.293127 -0.531124 -0.979162 -0.192068 -0.0659684 -0.77993 -0.625787 0.00995094 -0.97574 -0.186284 -0.115025 0.650594 0.207657 0.730483 0.952444 -0.0769121 0.294847 -0.727099 0.685301 -0.041113 0.974733 -0.200281 0.0989066 0.732877 -0.675298 -0.0828416 0.629443 -0.775566 0.0479419 0.501564 -0.864263 -0.0385189 0.705786 -0.708047 0.0231297 0.504721 -0.86242 -0.0385828 0.471318 -0.881959 0.00269938 0.230858 -0.972567 -0.0286154 0.473517 -0.880759 0.00671703 -0.172934 0.984158 0.039064 0.173191 0.982576 0.0674504 0.1732 0.982574 0.0674511 -0.473679 -0.873976 -0.108604 0.138141 -0.0757079 -0.987515 0.887363 -0.074862 -0.454953 -0.475585 -0.876929 -0.0693907 -0.762646 -0.637833 -0.107426 -0.49844 -0.862482 -0.0876487 -0.994754 0.00367975 -0.102233 -0.952019 -0.0192361 0.305435 0.0774447 0.21826 0.972813 0.96733 -0.022625 0.25251 0.996492 -0.00255614 0.0836547 0.875796 -0.480559 0.0452099 0.114999 -0.174379 0.97794 -0.996263 0.00373617 -0.0862888 -0.996255 0.00374288 -0.0863837 -0.996339 0.00367449 -0.085416 0.173197 0.982576 0.0674319 0.974043 -0.203625 0.0988757 0.478198 -0.877797 -0.0282681 0.498373 -0.866127 -0.0380457 -0.936585 -0.337233 -0.0953035 -0.688849 -0.724383 -0.0274888 0.996572 0.0112491 0.0819597 0.852629 -0.277842 0.442523 0.976578 -0.10744 0.186419 -0.99517 0.0629967 -0.0752878 -0.498212 0.867034 0.0060184 0.000768216 0.998663 0.051695 0.000449648 0.998687 0.0512215 0.997387 -0.053617 0.0484271 -0.800954 -0.591121 -0.0951218 -0.701009 -0.710559 -0.0607606 -0.640645 -0.733922 -0.225683 0.745363 -0.663504 0.0647827 0.698247 -0.693531 0.177386 0.23317 -0.97135 -0.0459533 0.475565 -0.878935 -0.036215 0.478872 -0.876531 -0.0487334 0.96289 -0.163018 -0.215099 0.889971 -0.373802 -0.261196 0.982428 -0.184529 -0.0279916 0.821647 -0.0709716 0.565561 0.855931 -0.0486124 0.5148 0.923654 -0.120525 0.363782 0.939236 -0.321938 -0.11913 0.850386 -0.347214 -0.39533 0.610508 -0.0541545 0.790156 0.591428 -0.175564 0.787013 0.285768 -0.152338 0.946113 0.620288 -0.161905 0.767483 0.377241 -0.156679 0.912765 0.895482 -0.0663692 0.440121 0.995166 -0.060757 -0.0771618 0.837094 -0.160321 0.52304 0.877502 -0.256282 0.40535 0.817302 -0.231364 0.52772 0.574467 -0.433646 0.694218 0.333865 -0.375487 0.864606 0.278491 0.017315 0.960283 0.660425 0.131901 0.739217 0.285092 0.192314 0.939009 0.951255 -0.0259521 0.307311 0.909043 -0.0996626 0.404608 0.98698 -0.160581 -0.0091993 0.0764805 -0.142346 0.986858 0.109618 -0.173007 0.978802 0.686865 -0.170137 0.706591 0.145562 -0.162977 0.975833 0.0887136 -0.0874679 0.992209 0.688958 -0.0426559 0.723545 0.663858 -0.0641239 0.745105 0.153068 -0.277477 0.94846 0.944586 -0.312375 0.100891 0.00493216 0.102717 0.994698 0.963875 -0.151343 0.219181 0.738136 -0.104758 0.666469 -0.0120256 -0.094226 0.995478 0.471318 -0.318779 0.822338 0.750413 0.0901454 0.654794 0.971857 -0.149537 0.182024 0.943369 -0.101197 0.315935 0.640156 -0.418169 0.644465 0.998797 0.0052644 0.0487438 0.939065 0.209469 -0.272544 0.884351 0.200528 -0.421558 0.972109 0.00278264 -0.234512 0.953453 -0.278093 -0.116585 0.957312 -0.189254 -0.218485 0.934655 -0.0824254 -0.345871 0.981571 -0.0998927 -0.162913 0.953516 -0.229853 0.194874 -0.81089 -0.351214 0.468088 -0.690715 -0.480887 -0.540057 -0.638693 -0.314101 -0.702433 -0.126266 -0.983478 0.12972 -0.247982 0.966528 0.0657899 -0.623908 0.488896 -0.609688 0.788317 -0.222822 0.573504 0.908203 0.314566 -0.276073 0.796252 0.583843 0.158462 0.269847 0.958071 0.0963461 0.924617 0.118766 0.361908 0.979329 0.202219 -0.00478673 0.946318 -0.0519629 0.319034 0.756238 -0.100383 0.64655 0.941598 0.0136717 -0.33646 0.245575 0.776913 0.579741 -0.310898 0.202533 0.928613 0.989536 -0.0913897 -0.111651 0.860081 -0.487439 0.150544 0.90693 -0.119366 0.404018 0.872477 -0.151966 0.464425 0.862191 -0.0205352 -0.506168 -0.626746 0.48044 -0.613488 -0.294728 -0.95224 -0.0798393 -0.18059 -0.981496 -0.0636542 -0.00446735 -0.999018 -0.0440722 0.817454 0.178734 -0.547561 0.832329 -0.270213 0.483956 0.378571 -0.671479 0.637025 0.742893 0.288051 0.604265 0.950303 -0.176432 0.256509 -0.341518 0.834111 -0.433157 0.561783 -0.817458 -0.127132 -0.786964 0.538838 -0.300568 -0.832717 -0.151272 -0.532634 -0.999921 -0.00239603 0.0123222 0.648251 -0.354577 -0.673829 -0.249434 -0.912219 -0.325021 0.78709 0.0219004 -0.616449 -0.763566 -0.638359 -0.097291 0.996716 -0.00241667 0.0809383 0.996691 -0.00243388 0.0812428 0.996706 -0.00242383 0.081065 -0.996169 0.00381269 -0.0873716 -0.996208 0.00378058 -0.0869172 -0.996187 0.00379766 -0.0871589 0.739875 0.198899 -0.64267 0.763991 -0.644921 0.0198444 0.00368958 -0.998694 -0.0509645 0.465781 0.87059 0.158497 0.996267 -0.00373273 0.08624 0.996285 -0.00371856 0.0860396 0.00140242 0.998685 0.0512533 0.996276 -0.00372608 0.086146 -0.996769 0.00464917 -0.0801931 0.000855418 -0.999141 -0.041441 0.177901 -0.983496 -0.0329502 -0.00452722 -0.999012 -0.0442056 0.239927 -0.969861 -0.0424948 0.00268146 -0.998657 -0.0517377 0.238516 -0.970844 -0.0239182 0.99812 -0.00396496 0.0611589 -0.797305 0.603404 -0.0143918 -0.95443 0.295174 -0.0439912 -0.915659 0.395401 -0.0723002 0.172934 -0.984158 -0.0390639 0.000449418 0.998687 0.0512215 0.969306 0.0158956 -0.245342 -0.988962 0.00631018 -0.148038 -0.996622 0.0024814 -0.0820839 0.000130245 0.99914 0.0414646 0.00106691 0.998649 0.0519473 0.000131428 0.99914 0.0414642 0.996592 -0.00459677 0.0823584 0.727281 0.676664 0.114839 0.996599 -0.00476823 0.0822656 -0.986767 0.00653288 -0.162012 -0.181421 -0.981343 -0.0636553 0.297479 -0.954079 -0.0352105 0.723374 -0.689577 0.0348327 0.995174 -0.0629934 0.075232 0.915078 -0.400077 0.0506977 -0.0695759 -0.0678709 0.995265 0.986982 -0.160078 -0.0155451 0.983 -0.182235 0.0223718 0.292402 -0.402416 0.867504 0.10677 -0.289808 0.951111 0.640729 0.761995 0.0939661 0.763559 0.638354 0.0973753 0.76356 0.638353 0.0973753 -0.481262 -0.870884 -0.0997392 -0.119697 0.992485 0.0254229 0.860957 0.249749 -0.443146 0.863131 0.257202 -0.43457 -0.498439 -0.862477 -0.0877022 -0.1732 -0.982574 -0.0674511 -0.173192 -0.982576 -0.0674505 0.340993 0.93676 0.0787729 -0.500525 -0.858567 -0.111073 -0.801198 -0.590796 -0.0950886 0.996643 -0.00455837 0.0817368 0.936491 -0.345809 0.058311 0.936492 -0.345807 0.0583111 -0.498432 -0.862481 -0.0877018 0.968131 0.163595 -0.18963 -0.473973 -0.872169 -0.121125 0.461519 0.873018 0.157605 0.554919 0.822358 0.125664 0.119948 0.989398 0.0818732 0.225888 0.972724 0.0527468 -0.477438 -0.876217 -0.0655576 -0.503673 -0.856647 -0.111667 -0.936496 0.345795 -0.0583121 -0.763386 0.645342 -0.0278524 -0.763387 0.64534 -0.0278527 0.340992 0.93676 0.0787729 -0.996644 0.00456484 -0.0817365 -0.996644 0.00456433 -0.0817365 0.482784 -0.875273 -0.0285945 0.937218 0.24555 -0.247643 0.797458 -0.234896 0.555774 0.934813 -0.149876 -0.321964 0.0589135 -0.0725801 0.995621 0.763395 -0.645331 0.0278538 -0.503672 -0.856654 -0.111614 0.532159 0.84647 0.0171447 0.438819 0.897233 0.0490942 0.521523 -0.460619 0.718223 0.504713 -0.862427 -0.0385298 0.996644 -0.00455816 0.0817368 0.936582 0.33724 0.0953036 -0.936495 0.345799 -0.0583118 -0.49299 -0.0599411 0.867968 0.763389 -0.645338 0.027853 -0.081602 -0.0556346 0.995111 0.936582 0.337241 0.0953036 -0.459878 -0.0640374 0.88567 0.640729 0.761996 0.0939661 </float_array>
          <technique_common>
            <accessor count="524" offset="0" source="#meshId2-tangents-array" stride="3">
              <param name="X" type="float" />
              <param name="Y" type="float" />
              <param name="Z" type="float" />
            </accessor>
          </technique_common>
        </source>
        <source id="meshId2-bitangents" name="meshId2-bitangents">
          <float_array id="meshId2-bitangents-array" count="1572"> 0.0567652 -0.995647 -0.0739232 0.0123519 -0.996838 -0.0784941 0.0854857 -0.992709 -0.0849741 0.771752 -0.617466 -0.152103 0.879968 -0.229036 -0.416173 0.315557 -0.912357 -0.260821 -0.986769 0.00874758 -0.161899 -0.958835 0.247748 -0.138766 -0.966988 0.240128 -0.0852838 0.0796172 0.0514506 -0.995497 0.0789184 0.0510959 -0.995571 0.168878 -0.0631146 -0.983614 -0.000956468 0.998542 0.0539663 0.0167478 0.999435 0.0291387 -9.69775e-05 0.999033 0.0439611 0.226127 -0.0767915 -0.971066 0.156481 -0.0479358 -0.986517 0.078865 0.0502945 -0.995616 -0.275602 0.112697 -0.954643 0.08063 0.0557484 -0.995184 -0.276132 -0.00734001 -0.961092 0.0810277 0.0549097 -0.995198 0.0805421 0.0554964 -0.995205 0.1545 0.149528 -0.976612 0.0789531 0.0526877 -0.995485 0.0719406 -0.129327 -0.988989 0.134748 -0.121461 -0.983407 -0.355221 -0.210439 0.910787 -0.393432 -0.10489 0.913351 -0.355223 -0.210435 0.910787 0.0849016 0.0518062 -0.995042 0.0863516 0.0535225 -0.994826 0.0853745 0.0514272 -0.995021 -0.393243 0.00673363 0.91941 -0.393254 -0.105925 0.913308 -0.393425 0.00570293 0.919339 0.944397 0.0172516 -0.328355 0.574285 0.0426987 -0.817541 0.944397 0.0172943 -0.328353 -0.03538 -0.0854732 -0.995712 0.0835355 0.0536556 -0.995059 -0.0857452 -0.0482859 -0.995146 0.0790696 0.0523879 -0.995492 0.0721051 0.234768 -0.969374 0.0110646 0.221063 -0.975197 0.0794421 0.0552674 -0.995306 0.134919 0.226372 -0.964652 -0.053614 0.211156 -0.975981 0.0789526 0.0504461 -0.995601 -0.115705 0.174728 -0.977795 -0.0112913 0.998965 0.0440603 -6.07893e-05 0.999052 0.0435406 -0.00338722 0.99761 0.0690186 0.0718589 0.0539295 -0.995956 -0.0550557 -0.282221 -0.957768 0.0660472 -0.307459 -0.949267 0.0816396 0.0562195 -0.995075 0.0815615 0.0562197 -0.995082 0.0812807 0.0562204 -0.995104 -0.109838 -0.0640599 0.991883 -0.109838 -0.0612144 0.992063 -0.109836 -0.0657701 0.991771 0.981525 0.168908 0.0898858 0.863184 0.495321 0.0978256 0.863182 0.495325 0.0978256 0.00981834 -0.999481 -0.0306627 0.0626251 -0.997808 -0.0213871 0.0834738 -0.996405 -0.014449 0.0810266 0.056221 -0.995125 0.0718594 0.0539295 -0.995956 0.0108637 -0.115118 -0.993292 0.0725184 0.057009 -0.995736 0.382479 0.230699 -0.8947 -0.031105 -0.00565376 -0.9995 0.0817647 0.0533231 -0.995224 0.0816674 0.0538981 -0.995201 0.081739 0.053158 -0.995235 0.0817281 0.0538306 -0.9952 0.0818224 0.0537765 -0.995195 -0.0773622 0.270283 0.959668 -0.187545 0.251278 0.949572 -0.18656 0.251646 0.949668 0.0817558 0.0538858 -0.995195 0.0830523 0.0522113 -0.995177 0.0824686 0.0535957 -0.995152 0.0833478 0.0509552 -0.995217 -0.988962 0.00627433 -0.148039 -0.991522 0.00551807 -0.129821 -0.993155 0.00497327 -0.116696 -0.0613947 -0.0513134 0.996794 -0.0612812 -0.0612045 0.996242 -0.0615027 -0.0448987 0.997097 -0.648222 -0.734642 0.200275 -0.576448 -0.809704 0.109942 -0.779008 -0.518747 0.352205 -0.109828 -0.0604192 0.992113 -0.109817 -0.0626614 0.991975 -0.973932 -0.00927773 0.226651 -0.991522 0.00551892 -0.129821 1 -0.000132288 2.50547e-06 0.999556 0.00110363 -0.0297607 0.998224 0.00233807 -0.059524 0.0634971 0.996684 0.0508924 0.0781761 0.996377 0.0335004 0.156505 0.15416 -0.975572 0.264461 0.177939 -0.947839 -0.0310994 -0.00566359 -0.9995 0.0804178 0.0539916 -0.995298 0.0804265 0.0561465 -0.995178 0.0804669 0.0540342 -0.995292 0.0796833 0.0546758 -0.99532 0.0803563 0.055079 -0.995243 0.0387932 0.994957 0.0924968 0.0534294 0.993226 0.10319 -0.261598 0.173188 -0.949512 0.0807507 0.0527625 -0.995337 0.0798264 0.0519577 -0.995454 -0.340748 0.939877 0.0228619 -0.64053 0.767853 -0.0111127 -0.640532 0.767851 -0.011113 -0.0612858 -0.064293 0.996047 -0.0612845 -0.0608934 0.996261 -0.0612812 -0.0660117 0.995935 -0.0612794 -0.0629655 0.996133 0.156467 0.154192 -0.975573 0.0724897 0.0508342 -0.996073 0.0725219 0.0570077 -0.995736 -0.158297 -0.218343 -0.962948 0.426423 -0.0139909 -0.904416 0.382616 -0.132145 -0.914408 0.0842435 0.99447 0.0627023 0.0842264 0.994459 0.0629108 0.0842236 0.994445 0.0631238 0.0798168 0.052226 -0.99544 0.0795014 0.0509726 -0.995531 -0.981525 -0.168908 -0.0898859 -0.863183 -0.495323 -0.0978256 -0.863189 -0.495313 -0.0978255 -0.89116 -0.0186954 0.453304 -0.460344 -0.03675 0.88698 -0.460344 -0.03675 0.88698 0.0804137 0.0535809 -0.99532 -0.276237 -0.953109 -0.1236 -0.346734 -0.911475 -0.221332 0.0288387 -0.98013 -0.196248 0.986995 -0.00837874 0.160532 0.98373 -0.0093735 0.179409 0.994299 -0.00533024 0.106494 -0.158222 0.321109 -0.933732 0.0793838 0.0524405 -0.995464 0.0790141 0.0519212 -0.99552 -0.953161 0.295552 -0.0642836 -0.875975 0.481495 -0.0288248 -0.866506 0.498936 0.0151402 -0.000440804 -0.998687 -0.0512188 0.0824014 0.0544225 -0.995112 0.188626 -0.289706 -0.938345 0.0823976 0.0550891 -0.995076 0.0823523 0.0563118 -0.995011 0.429762 -0.0374969 0.902163 0.64402 -0.0318056 0.764348 0.168987 -0.040891 0.98477 -0.657982 -0.458684 0.597217 -0.357297 -0.338785 0.870381 -0.810836 -0.121011 0.572627 0.0829894 0.0546661 -0.99505 0.0832785 0.0524359 -0.995146 0.0118339 0.999615 0.0251106 0.0310449 0.999191 0.0255523 0.00056475 0.998685 0.0512618 0.0385609 -0.995936 -0.081395 -0.0011984 -0.997973 -0.063634 -0.00909203 -0.998893 -0.0461513 0.00171968 -0.998683 -0.0512852 0.00227987 -0.998306 -0.0581392 -0.0612066 -0.0534497 0.996693 -0.0611016 -0.0453374 0.997101 0.0855794 0.0545513 -0.994837 0.0697062 -0.993204 -0.0932024 0.0556142 0.998434 -0.00608806 0.426385 0.112645 -0.8975 0.0806676 0.0522914 -0.995368 0.426553 -0.0134216 -0.904363 0.284332 -0.0265026 -0.958359 -0.109753 -0.0529972 0.992545 -0.109652 -0.0447187 0.992964 0.23852 0.00283573 0.971133 0.200604 0.107931 0.973709 0.200085 0.108839 0.973715 0.00244404 0.997348 0.0727414 0.0206826 0.996101 0.0857593 0.0398323 0.991953 0.120178 -0.109826 -0.0621634 0.992005 -0.275581 0.112873 -0.954628 0.0806056 0.0558872 -0.995178 -0.109939 -0.0513953 0.992609 -0.110043 -0.041199 0.993073 -0.110047 -0.0451587 0.9929 0.0851929 0.05471 -0.994861 0.0836996 0.0567385 -0.994874 0.426363 0.112823 -0.897489 -0.109644 -0.0411996 0.993117 -0.355471 0.110483 0.928135 -0.283549 0.196092 0.938695 -0.354953 0.111385 0.928225 0.188751 0.389287 -0.90157 0.0791506 0.0501196 -0.995602 -0.00127782 0.998333 0.0577044 0.0811443 0.0562208 -0.995115 -0.0858702 -0.0702295 0.993828 -0.0858243 -0.0702296 0.993832 -0.0854656 -0.070231 0.993863 0.327549 -0.893838 -0.30621 -0.999441 0.00280025 -0.0333202 -0.999584 -0.000586473 0.0288218 -0.999584 -0.000586117 0.0288218 -0.235465 -0.122887 -0.964082 -0.647356 0.0404979 -0.761111 -0.306211 0.0499395 -0.950653 -0.30621 0.050038 -0.950648 0.361104 -0.864577 -0.349443 0.189988 -0.876679 -0.441971 0.422804 -0.74164 -0.520776 0.0724963 0.0508366 -0.996072 -0.276142 -0.00729657 -0.961089 -0.0972084 -0.084889 0.991637 -0.0791577 -0.0479186 0.99571 -0.0925899 -0.0726077 0.993054 0.0317529 -0.353605 0.934856 0.129109 -0.297737 0.945877 0.0327465 -0.35326 0.934952 0.330891 0.0493209 -0.942379 -0.07737 0.270283 0.959667 0.00256886 -0.998093 -0.061669 -0.0611029 -0.0413784 0.997274 -0.054977 0.38402 -0.921687 0.602432 -0.133539 -0.78692 0.0104918 0.998899 0.0457244 0.999772 -0.00101717 0.0213194 0.998597 -0.0023277 0.0529028 -0.187623 -0.352313 0.916883 -0.076905 -0.372353 0.924899 -0.186636 -0.35269 0.916939 0.0103022 -0.999055 -0.0422295 0.00136475 -0.99826 -0.058954 0.0165784 -0.999656 -0.0203141 -0.0615056 -0.0413787 0.997249 -0.0779593 -0.372336 0.924818 -0.0871306 -0.0392505 0.995423 -0.0681815 -0.0776345 0.994648 -0.0816558 -0.0527741 0.995262 0.322143 -0.52952 -0.78475 0.0816915 0.0562194 -0.995071 0.0815995 0.0562196 -0.995078 0.0822495 0.056218 -0.995025 0.302216 -0.522942 -0.796992 0.0100669 -0.823963 -0.566554 -0.000117775 -0.99914 -0.0414618 0.00182061 -0.997947 -0.06402 0.988961 -0.00530317 0.148079 0.981092 0.175447 0.0817168 0.952269 0.288294 0.100347 0.156154 -0.0482095 -0.986556 0.299504 -0.228691 -0.926282 -0.0738462 -0.0343329 0.996679 0.970712 -0.240242 -0.00114742 0.999803 -0.00146486 0.0197852 0.971389 -0.235918 0.0273222 -0.283614 -0.296249 0.91203 -0.28361 -0.296252 0.912031 -0.0633096 -0.0898504 0.993941 -0.00176445 0.998688 0.0511776 -0.00210712 0.998464 0.0553689 0.0836356 0.0519098 -0.995143 -0.153794 -0.960053 -0.233763 -0.084806 -0.917338 -0.388971 -0.13452 -0.768539 -0.625502 -0.0580008 -0.0468202 0.997218 -0.119664 0.164707 0.979057 -0.106761 -0.0538345 0.992826 -0.702321 -0.20142 0.68277 -0.300032 -0.0677529 0.95152 0.128361 0.194531 0.972462 -0.11013 -0.045665 0.992868 -0.154737 -0.284011 0.946253 -0.10584 -0.0244495 0.994083 0.0702453 0.0850624 -0.993896 0.0855773 0.0528026 -0.994931 0.0749268 0.088287 -0.993273 -0.872691 -0.466803 -0.143196 -0.965377 -0.225282 -0.131513 -0.873725 -0.470672 -0.122766 0.981525 0.168903 0.0898857 0.98148 -0.177879 0.0711046 0.981478 -0.177888 0.071104 -0.875505 0.480663 -0.0495339 -0.0893568 -0.99396 0.0637022 -0.081093 -0.996689 0.00583623 0.878952 -0.476902 0.0027768 0.0907715 0.0589006 -0.994128 0.0840695 0.0525383 -0.995074 -0.00239519 0.998241 0.0592364 -0.00335288 0.998618 0.0524418 -0.924746 -0.348953 0.151909 0.236166 -0.281765 -0.929965 0.0836776 0.0501085 -0.995232 0.080243 0.0525953 -0.995387 0.0345695 -0.983173 -0.179377 -0.0863377 -0.0702277 0.993788 -0.0864329 -0.0702274 0.993779 -0.0854628 -0.070231 0.993863 0.0816152 0.0539125 -0.995205 -0.109833 -0.0432048 0.993011 0.872805 0.471406 0.126445 0.856779 0.485338 0.17429 -0.340745 0.939878 0.0228621 -0.0350884 -0.00455698 0.999374 0.0823404 -0.039079 -0.995838 0.435263 -0.0908853 -0.895704 0.188359 0.00811184 -0.982067 0.0787345 0.0541436 -0.995424 0.0818168 0.0539212 -0.995188 -0.999923 0.00012458 0.0124527 -0.999803 0.00146491 -0.0197852 0.0661507 0.408163 -0.910509 0.0812805 0.0500498 -0.995434 0.0596739 0.0264567 -0.997867 -0.00912587 0.301177 -0.953524 0.111789 0.0285962 -0.99332 0.0571233 -0.193024 -0.97953 0.970537 0.229503 0.0733874 0.877071 0.470582 0.0964316 0.868836 0.465256 0.169295 -0.0601309 -0.906522 0.417854 0.0224669 -0.53614 0.84383 -0.0759897 -0.532451 0.843043 0.150614 0.983985 -0.0953329 -0.208645 0.87846 0.429855 0.115372 0.992672 0.0359516 0.0678419 -0.166109 0.983771 0.15242 -0.556573 0.816698 -0.366085 0.865394 0.342163 0.223321 0.973495 0.0493416 -0.318796 0.91594 0.24377 -0.419828 0.75798 0.49921 -0.32542 0.900311 0.289036 0.194554 0.94772 -0.252932 0.0981728 0.593582 0.798763 0.168424 0.985181 0.032424 -0.374544 0.161643 0.913011 -0.322927 0.574587 0.752043 -0.551718 0.421371 0.719759 -0.487456 0.716295 0.499307 0.63045 0.750978 -0.196377 0.591241 0.515533 -0.62021 0.743701 0.573645 -0.34328 0.282338 0.474224 -0.833905 0.097606 0.994892 0.0257669 0.109749 0.714156 -0.691329 0.275198 0.954324 0.116325 -0.0323064 0.983595 0.177472 0.0702543 0.983204 0.168448 -0.0315098 0.985074 0.169221 0.439824 0.897203 0.0397679 -0.136525 0.97276 0.187347 -0.138782 0.968449 0.206994 -0.181773 0.935488 0.303018 -0.104363 0.00562975 0.994523 0.547833 0.831881 -0.0886204 -0.113407 0.51139 0.851833 0.161987 0.986493 -0.0243451 0.239786 0.96623 0.0943542 0.317638 0.931179 0.178919 0.586106 0.367202 -0.722248 0.227351 0.393045 -0.89097 -0.00777783 0.945329 0.326024 0.388079 0.899998 0.19849 -0.0490076 0.135373 0.989582 0.170526 0.404549 0.898477 0.151323 0.731136 0.665237 0.156015 0.738917 0.655485 0.0136612 0.426069 -0.904587 0.0224992 0.802355 -0.596423 0.0873662 0.996175 -0.00130975 0.075225 0.985648 -0.151126 0.162869 0.937182 0.308484 0.326412 -0.935342 -0.136344 0.288649 -0.868107 0.403822 0.262278 -0.947088 0.185023 0.554158 0.0385297 0.831519 -0.65712 -0.11792 -0.744505 -0.295733 -0.869837 -0.394874 0.276305 0.961049 -0.0064053 -0.151226 -0.368416 -0.917279 -0.453567 0.74947 -0.482256 -0.810109 0.279973 -0.515111 -0.107374 0.992884 -0.0515057 -0.003924 -0.00466695 -0.999981 0.0706686 0.996376 -0.0473316 0.164637 0.985561 -0.0395496 0.106576 0.935713 0.336279 -0.632187 0.581731 -0.511789 -0.746605 -0.656648 -0.106745 0.0589762 0.962422 -0.265079 0.38764 0.816267 0.428302 0.115608 0.99272 0.033783 -0.456701 0.0844572 0.885602 0.112766 0.981888 0.152247 -0.28967 -0.874536 -0.388944 0.951938 -0.299866 0.0624037 0.978248 -0.185955 0.0919324 0.993145 -0.00958029 0.116494 0.0465764 0.927012 0.372127 0.181622 0.957875 0.222461 0.506304 0.726383 0.464783 -0.138543 0.949299 -0.282201 0.0675819 0.921177 0.38323 -0.694527 -0.534478 -0.481628 0.769443 0.459845 0.443283 -0.530282 -0.839714 -0.116968 0.179834 -0.983696 -0.00177483 0.00175558 -0.99866 -0.0517263 0.0120272 -0.880077 0.474678 0.934613 -0.314642 0.16583 -0.136116 -0.968567 -0.208205 -0.283546 0.196095 0.938695 0.0809459 0.0562212 -0.995132 0.0812509 0.0562205 -0.995107 0.0810729 0.0562209 -0.995121 -0.0874232 -0.0702236 0.993693 -0.0869677 -0.0702254 0.993733 -0.08721 -0.0702244 0.993712 -0.147463 -0.884116 -0.44339 0.299577 0.327312 -0.89617 -0.986988 0.0045558 -0.160728 -0.206506 0.281108 -0.937194 -0.0862889 -0.0702279 0.993792 -0.0860879 -0.0702287 0.993809 -0.99944 0.00311268 -0.0333042 -0.0861946 -0.0702283 0.9938 0.0803277 0.057164 -0.995128 -0.999772 2.99968e-05 -0.0213603 -0.981285 -0.174795 -0.0807834 -0.998587 0.00685736 -0.0527029 0.970764 0.239362 0.0179857 0.999919 0.00332075 -0.0122743 -0.9598 -0.231907 -0.158122 -0.0612871 -0.0624306 0.996166 0.129157 0.193855 0.972491 0.0327931 0.250245 0.967627 0.0318188 0.250607 0.967566 -0.981525 -0.168904 -0.0898857 0.986769 -0.00874765 0.161899 0.00317927 -0.998635 -0.0521404 -0.000168173 -0.99914 -0.0414654 0.0820934 0.0562184 -0.995038 1 -0.000130464 2.58116e-06 -0.647356 0.0402834 -0.761123 0.64402 -0.0318051 0.764348 0.0824864 0.0535715 -0.995151 0.128311 -0.298419 0.945771 0.0824036 0.0571542 -0.994959 -0.0017389 0.998704 0.0508623 -0.978186 0.18674 -0.0909974 -0.950721 -0.292653 -0.102389 0.0924128 0.0467005 -0.994625 0.0786835 0.0542295 -0.995424 0.0796316 0.0560201 -0.995249 -0.24493 -0.965982 -0.0829962 -0.150281 -0.883493 -0.443685 -0.133009 -0.790809 -0.597436 0.517428 -0.696313 -0.49741 0.198169 -0.931184 -0.305982 0.76339 -0.645337 0.0278531 0.640528 -0.767854 0.0111125 0.640527 -0.767855 0.0111124 0.873593 -0.485889 0.0273284 0.238341 0.00386771 0.971174 -0.163159 -0.689557 -0.705613 -0.261875 -0.507829 -0.820689 -0.863051 0.503219 -0.0437464 -0.981478 0.177888 -0.071104 -0.98148 0.17788 -0.0711046 0.936495 -0.3458 0.0583117 0.0942152 0.0735179 -0.992834 0.0842753 0.0459186 -0.995384 -0.000131914 -0.998537 -0.0540788 -0.341002 -0.936756 -0.0787734 -0.341 -0.936757 -0.0787733 -0.863055 0.503212 -0.0437471 -0.167751 -0.138635 -0.976033 -0.879713 0.474985 0.0222385 0.174146 -0.263357 0.94885 0.169363 -0.259569 0.950758 0.238331 -0.108754 0.965076 0.238514 -0.107724 0.965146 0.877063 -0.479743 0.0246521 0.862951 -0.504942 -0.0187018 0.340988 0.936761 0.0787726 0.640734 0.761991 0.0939663 0.640732 0.761992 0.0939662 0.936495 -0.345799 0.0583117 0.00013837 0.998537 0.0540794 0.000137857 0.998537 0.0540793 -0.87022 -0.475825 -0.127703 -0.159734 -0.328988 -0.930727 0.366448 -0.543226 -0.755394 -0.0321634 -0.93859 0.343532 -0.450285 -0.892059 -0.038386 -0.640723 -0.762 -0.0939659 0.0893564 0.0768451 -0.993031 0.231139 -0.164734 0.958873 0.22531 -0.162756 0.960597 0.609778 -0.387576 -0.691343 -0.852774 -0.491126 -0.177684 -0.000131699 -0.998537 -0.0540788 0.340752 -0.939875 -0.0228614 0.340992 0.93676 0.0787729 0.064051 -0.997417 -0.0325009 -0.64073 -0.761994 -0.0939662 0.0842448 0.994483 0.0625078 0.340753 -0.939875 -0.0228613 0.0818228 -0.996209 -0.0295439 0.763391 -0.645336 0.0278531 </float_array>
          <technique_common>
            <accessor count="524" offset="0" source="#meshId2-bitangents-array" stride="3">
              <param name="X" type="float" />
              <param name="Y" type="float" />
              <param name="Z" type="float" />
            </accessor>
          </technique_common>
        </source>
        <source id="meshId2-tex0" name="meshId2-tex0">
          <float_array id="meshId2-tex0-array" count="1048"> 0.550253 0.544209 0.556292 0.534759 0.550137 0.534759 0.0352516 0.620047 0.0979909 0.654912 0.0791215 0.602991 0.242742 0.47444 0.252128 0.48594 0.25106 0.47444 0.99 0.685081 0.957528 0.67317 0.957634 0.696995 0.544114 0.519319 0.552723 0.507136 0.543838 0.507136 0.99 0.696995 0.957682 0.705008 0.99 0.705128 0.733108 0.696995 0.764879 0.705027 0.765004 0.696995 0.537174 0.67317 0.504687 0.685087 0.5368 0.696995 0.925122 0.67317 0.892858 0.696995 0.925241 0.696995 0.79542 0.65 0.762448 0.666688 0.795485 0.666688 0.73018 0.67317 0.699102 0.679737 0.729966 0.679737 0.730334 0.666688 0.762654 0.65 0.730469 0.65 0.353569 0.599445 0.372464 0.606812 0.37244 0.599462 0.82802 0.696995 0.795767 0.679737 0.795767 0.696995 0.634251 0.67317 0.601749 0.696995 0.634183 0.696995 0.569521 0.67317 0.569313 0.696995 0.666696 0.696995 0.699221 0.705024 0.699102 0.696995 0.571661 0.519319 0.580754 0.507136 0.571823 0.507136 0.601671 0.705049 0.569139 0.713101 0.601593 0.713101 0.564832 0.534759 0.5563 0.52117 0.556292 0.534759 0.244921 0.556544 0.243835 0.561195 0.249542 0.561397 0.473632 0.67317 0.50505 0.67317 0.505207 0.666688 0.538723 0.534759 0.544712 0.544209 0.544889 0.534759 0.552037 0.525425 0.892933 0.705048 0.860463 0.696995 0.860534 0.705038 0.79606 0.713101 0.795967 0.704974 0.473632 0.67317 0.442183 0.685192 0.473599 0.685193 0.410744 0.67317 0.410744 0.685137 0.60191 0.65 0.634254 0.666688 0.634223 0.65 0.99 0.67317 0.335243 0.61773 0.339646 0.612211 0.334583 0.616129 0.24965 0.54 0.273991 0.549824 0.273991 0.54 0.283597 0.556476 0.279592 0.561473 0.284265 0.558203 0.134505 0.446547 0.147933 0.485299 0.161383 0.459518 0.243635 0.569384 0.249325 0.570294 0.24965 0.554697 0.24965 0.549824 0.273557 0.576994 0.249216 0.581867 0.273557 0.581867 0.558594 0.519319 0.558267 0.507136 0.536674 0.705012 0.503872 0.696995 0.50371 0.705129 0.386413 0.612261 0.372464 0.606812 0.372469 0.613212 0.390823 0.601006 0.386417 0.606525 0.566284 0.519319 0.566231 0.507136 0.402185 0.713101 0.436031 0.705076 0.402185 0.705014 0.634251 0.67317 0.666528 0.67317 0.666526 0.666688 0.278734 0.556774 0.279393 0.569662 0.273882 0.561397 0.273665 0.570294 0.828115 0.705085 0.634122 0.705039 0.569219 0.705058 0.536595 0.713101 0.732746 0.713101 0.699254 0.713101 0.544692 0.5691 0.550112 0.559651 0.544847 0.559651 0.390801 0.617791 0.391466 0.616193 0.762202 0.67317 0.795569 0.67317 0.795485 0.666688 0.273991 0.554697 0.249542 0.561397 0.273882 0.561397 0.377656 0.61841 0.0945373 0.519095 0.00655162 0.5334 0.059764 0.57368 0.372433 0.576972 0.353575 0.586286 0.372448 0.586294 0.957726 0.713101 0.391482 0.602607 0.4 0.602628 0.209331 0.506984 0.178356 0.497936 0.185649 0.506984 0.556506 0.544209 0.353597 0.613189 0.634048 0.713101 0.339648 0.606474 0.353592 0.606788 0.249325 0.570294 0.273557 0.576994 0.273665 0.570294 0.168312 0.424681 0.204914 0.413723 0.141409 0.402595 0.335259 0.600945 0.334593 0.602543 0.538459 0.5691 0.544847 0.559651 0.538674 0.559651 0.552389 0.481873 0.557807 0.494056 0.557985 0.481873 0.53 0.544209 0.53015 0.534759 0.28315 0.574848 0.2839 0.573155 0.762202 0.67317 0.552432 0.494056 0.544692 0.5691 0.764832 0.713101 0.732852 0.705009 0.436031 0.696995 0.402185 0.696995 0.23963 0.574381 0.238963 0.572653 0.473677 0.666688 0.505207 0.666688 0.505349 0.65 0.556459 0.5691 0.550112 0.559651 0.550214 0.5691 0.244473 0.574916 0.436039 0.713101 0.469884 0.705072 0.240078 0.556009 0.230364 0.55748 0.239327 0.557701 0.761872 0.679737 0.795569 0.67317 0.469907 0.696995 0.23 0.572436 0.698649 0.65 0.666526 0.666688 0.698746 0.666688 0.860613 0.713101 0.399983 0.616212 0.580647 0.519319 0.552035 0.530501 0.571661 0.519319 0.580641 0.53428 0.580647 0.519319 0.116523 0.588852 0.372474 0.620555 0.353588 0.633706 0.372463 0.633714 0.503616 0.713101 0.353602 0.620537 0.372469 0.613212 0.353597 0.613189 0.122654 0.633073 0.17058 0.645796 0.14943 0.620044 0.925316 0.705057 0.469856 0.713101 0.25106 0.47444 0.281599 0.47444 0.251314 0.461462 0.925147 0.666688 0.957577 0.65 0.925169 0.65 0.353592 0.606788 0.601912 0.666688 0.564832 0.534759 0.292863 0.573375 0.925388 0.713101 0.163367 0.664296 0.553164 0.519319 0.249216 0.591691 0.273557 0.591691 0.860383 0.666688 0.892775 0.65 0.860393 0.65 0.538876 0.481873 0.530307 0.494056 0.539314 0.494056 0.293227 0.558419 0.892754 0.666688 0.185469 0.47444 0.215622 0.47444 0.18536 0.461462 0.183169 0.634437 0.530129 0.559651 0.538665 0.546061 0.530144 0.546054 0.184914 0.633922 0.223369 0.638787 0.566916 0.481873 0.566812 0.494056 0.243752 0.522093 0.250093 0.534857 0.254691 0.522093 0.666651 0.70509 0.666599 0.713101 0.281518 0.461462 0.25223 0.45 0.242659 0.461462 0.251314 0.461462 0.828041 0.666688 0.827989 0.65 0.215894 0.461462 0.53 0.5691 0.530129 0.559651 0.326077 0.602524 0.345113 0.535267 0.316558 0.579355 0.329353 0.582458 0.281599 0.47444 0.28972 0.461952 0.281518 0.461462 0.182478 0.439032 0.211863 0.426135 0.537355 0.65 0.185469 0.47444 0.176974 0.461462 0.177171 0.47444 0.254691 0.522093 0.27825 0.506984 0.254974 0.506984 0.180555 0.481131 0.215622 0.47444 0.185469 0.47444 0.473677 0.666688 0.44221 0.666688 0.442187 0.67317 0.286585 0.481064 0.349559 0.499882 0.318014 0.491913 0.286424 0.454801 0.666528 0.67317 0.698874 0.67317 0.564841 0.559651 0.556275 0.559651 0.0784107 0.431676 0.219188 0.664197 0.326065 0.616109 0.278351 0.522093 0.0980318 0.556317 0.530317 0.509012 0.539314 0.494056 0.530307 0.494056 0.442187 0.67317 0.18536 0.461462 0.285648 0.53123 0.278351 0.522093 0.634254 0.666688 0.29 0.474223 0.233236 0.610974 0.20433 0.605855 0.223369 0.638787 0.601893 0.67317 0.50505 0.67317 0.372441 0.643028 0.353569 0.643028 0.89301 0.713101 0.185662 0.522093 0.174172 0.506984 0.173983 0.522093 0.29 0.506984 0.289877 0.522093 0.215894 0.461462 0.180367 0.454805 0.18536 0.461462 0.294661 0.438249 0.297892 0.426977 0.243669 0.415 0.509148 0.39231 0.515471 0.409999 0.563918 0.392341 0.24347 0.426353 0.274986 0.438747 0.468762 0.423317 0.445142 0.402121 0.427697 0.453409 0.496555 0.437516 0.463504 0.468518 0.606223 0.404177 0.607464 0.430724 0.648651 0.429072 0.554575 0.459989 0.530946 0.422394 0.531572 0.47237 0.514218 0.491254 0.488231 0.602365 0.520054 0.620902 0.516344 0.589376 0.55341 0.628481 0.542848 0.645928 0.589052 0.628139 0.446664 0.533601 0.410048 0.481351 0.357942 0.521675 0.448514 0.498365 0.462412 0.571057 0.380804 0.577274 0.430001 0.619453 0.503023 0.514624 0.240122 0.403382 0.503856 0.565765 0.568662 0.420842 0.491819 0.645928 0.499413 0.540054 0.384458 0.437066 0.532488 0.606891 0.556798 0.617973 0.586871 0.642582 0.360293 0.476012 0.57916 0.454882 0.605744 0.459311 0.631211 0.473917 0.644052 0.455543 0.586522 0.618417 0.616148 0.608373 0.655297 0.560263 0.641117 0.587954 0.678336 0.595927 0.00947041 0.580628 0.00325952 0.582802 3.33067e-16 0.532435 0.0313594 0.62523 0.0235657 0.472618 1.39611e-14 0.532435 0.162905 0.670885 0.303198 0.626715 0.264288 0.658119 0.308023 0.63133 0.21992 0.670885 0.261604 0.651967 0.688428 0.519904 0.676616 0.473058 0.661379 0.475414 0.0749013 0.426112 0.0291054 0.476272 0.636869 0.608355 0.241819 0.396949 0.193839 0.39231 0.194713 0.399121 0.657898 0.528671 -1.94289e-16 0.532435 0.208986 0.522093 0.213944 0.534648 0.22015 0.522093 0.650324 0.497961 0.689194 0.553916 0.0957674 0.661049 0.139297 0.396431 0.642388 0.622122 0.335509 0.584635 0.301594 0.421185 0.352231 0.536429 0.35628 0.498776 0.564976 0.544209 0.334944 0.455807 0.340946 0.45283 0.320249 0.526738 0.66649 0.65 0.542928 0.550316 0.538674 0.559651 0.542932 0.555392 0.543044 0.497804 0.539287 0.509024 0.543031 0.505291 0.310507 0.560294 0.828194 0.713101 0.224284 0.47444 0.99 0.713101 0.567927 0.523062 0.571672 0.534284 0.353602 0.620537 0.567932 0.530548 0.37767 0.601624 0.243817 0.506984 0.25003 0.494209 0.220249 0.506984 0.214866 0.450176 0.224209 0.461462 0.214758 0.485689 0.278286 0.575147 0.537264 0.666688 0.56956 0.666688 0.569596 0.65 0.762448 0.666688 0.353558 0.576972 0.538467 0.544209 0.53 0.481873 0.564821 0.521164 0.249216 0.576994 0.372474 0.620555 0.249216 0.576994 0.348393 0.618377 0.957556 0.666688 0.348403 0.601591 0.564933 0.5691 0.213901 0.494439 0.254974 0.506984 0.828077 0.67317 0.892729 0.67317 0.86036 0.67317 0.143387 0.513991 0.299975 0.602433 0.263778 0.628626 0.16245 0.568901 0.148505 0.543084 0.99 0.666688 0.957556 0.666688 0.957528 0.67317 0.178257 0.531076 0.473731 0.65 0.291025 0.587461 0.299975 0.602433 0.698874 0.67317 0.73018 0.67317 0.730334 0.666688 0.410744 0.67317 0.209331 0.506984 0.185649 0.506984 0.892754 0.666688 0.860383 0.666688 0.86036 0.67317 0.698746 0.666688 0.263778 0.628626 0.281599 0.47444 0.99 0.666688 0.99 0.65 0.44221 0.666688 0.44223 0.65 0.281518 0.461462 0.185662 0.522093 0.56956 0.666688 0.537264 0.666688 0.537174 0.67317 0.410744 0.666688 0.601912 0.666688 0.601893 0.67317 0.285665 0.497915 0.264241 0.605051 0.184511 0.636329 0.300982 0.461351 0.109068 0.47933 0.828041 0.666688 0.208986 0.522093 0.410744 0.65 0.410744 0.666688 0.179949 0.591125 0.27825 0.506984 0.892729 0.67317 0.925147 0.666688 0.569521 0.67317 0.544417 0.481873 0.828077 0.67317 0.550214 0.5691 0.925122 0.67317 0.544751 0.494056 0.99 0.67317 </float_array>
          <technique_common>
            <accessor count="524" offset="0" source="#meshId2-tex0-array" stride="2">
              <param name="S" type="float" />
              <param name="T" type="float" />
            </accessor>
          </technique_common>
        </source>
        <vertices id="meshId2-vertices">
          <input semantic="POSITION" source="#meshId2-positions" />
        </vertices>
        <polylist count="540" material="defaultMaterial">
          <input offset="0" semantic="VERTEX" source="#meshId2-vertices" />
          <input offset="0" semantic="NORMAL" source="#meshId2-normals" />
          <input offset="0" semantic="TANGENT" source="#meshId2-tangents" />
          <input offset="0" semantic="BINORMAL" source="#meshId2-bitangents" />
          <input offset="0" semantic="TEXCOORD" source="#meshId2-tex0" set="0" />
          <vcount>3 3 3 3 3 3 3 3 3 3 3 3 3 3 3 3 3 3 3 3 3 3 3 3 3 3 3 3 3 3 3 3 3 3 3 3 3 3 3 3 3 3 3 3 3 3 3 3 3 3 3 3 3 3 3 3 3 3 3 3 3 3 3 3 3 3 3 3 3 3 3 3 3 3 3 3 3 3 3 3 3 3 3 3 3 3 3 3 3 3 3 3 3 3 3 3 3 3 3 3 3 3 3 3 3 3 3 3 3 3 3 3 3 3 3 3 3 3 3 3 3 3 3 3 3 3 3 3 3 3 3 3 3 3 3 3 3 3 3 3 3 3 3 3 3 3 3 3 3 3 3 3 3 3 3 3 3 3 3 3 3 3 3 3 3 3 3 3 3 3 3 3 3 3 3 3 3 3 3 3 3 3 3 3 3 3 3 3 3 3 3 3 3 3 3 3 3 3 3 3 3 3 3 3 3 3 3 3 3 3 3 3 3 3 3 3 3 3 3 3 3 3 3 3 3 3 3 3 3 3 3 3 3 3 3 3 3 3 3 3 3 3 3 3 3 3 3 3 3 3 3 3 3 3 3 3 3 3 3 3 3 3 3 3 3 3 3 3 3 3 3 3 3 3 3 3 3 3 3 3 3 3 3 3 3 3 3 3 3 3 3 3 3 3 3 3 3 3 3 3 3 3 3 3 3 3 3 3 3 3 3 3 3 3 3 3 3 3 3 3 3 3 3 3 3 3 3 3 3 3 3 3 3 3 3 3 3 3 3 3 3 3 3 3 3 3 3 3 3 3 3 3 3 3 3 3 3 3 3 3 3 3 3 3 3 3 3 3 3 3 3 3 3 3 3 3 3 3 3 3 3 3 3 3 3 3 3 3 3 3 3 3 3 3 3 3 3 3 3 3 3 3 3 3 3 3 3 3 3 3 3 3 3 3 3 3 3 3 3 3 3 3 3 3 3 3 3 3 3 3 3 3 3 3 3 3 3 3 3 3 3 3 3 3 3 3 3 3 3 3 3 3 3 3 3 3 3 3 3 3 3 3 3 3 3 3 3 3 3 3 3 3 3 3 3 3 3 3 3 3 3 3 3 3 3 3 3 3 3 3 3 3 3 3 3 3 3 3 3 3 3 3 3 3 3 3 3 3 3 3 3 3 3 3 3 3 3 3 3 3 3 3 3 3 3 3 3 3 3 3 3 3 3 3 3 3 3 3 3 3 </vcount>
          <p>0 1 2 3 4 5 6 7 8 9 10 11 12 13 14 15 16 17 18 19 20 21 22 23 24 25 26 27 28 29 30 31 32 33 34 35 36 37 38 39 40 41 42 43 44 45 23 46 47 48 49 50 51 52 53 54 55 56 57 58 59 60 61 62 63 64 65 66 67 58 57 68 69 70 71 19 72 73 74 75 76 10 26 11 75 77 78 79 80 81 10 9 82 83 84 85 86 87 88 89 90 91 92 93 94 61 95 96 97 87 98 99 100 101 13 102 103 104 105 106 107 108 109 110 108 111 103 112 113 114 115 116 117 118 119 120 90 89 121 122 123 72 124 73 44 53 125 126 127 54 128 48 129 130 131 132 107 133 134 135 136 137 138 139 140 133 109 141 142 143 144 145 146 147 148 17 16 52 112 50 149 150 110 151 152 153 1 0 154 83 155 84 90 120 122 125 55 156 157 155 158 159 160 161 162 163 164 157 165 166 167 168 169 170 171 172 173 65 174 121 175 176 32 177 30 139 161 140 171 170 178 168 167 179 180 181 128 112 52 113 116 182 183 184 95 185 186 187 188 36 147 146 95 61 60 189 190 191 96 184 192 193 194 115 195 196 197 198 199 177 194 105 200 39 71 70 73 39 41 185 201 184 202 203 204 203 81 80 124 205 71 206 134 133 51 50 207 34 33 28 58 68 208 209 210 211 70 69 25 5 212 144 213 214 215 127 106 216 217 218 219 220 221 222 43 126 53 223 148 16 25 223 26 224 106 194 225 226 227 228 229 230 87 86 98 37 36 231 80 79 232 154 233 1 234 176 175 69 235 223 221 220 236 13 12 237 101 238 239 240 241 242 243 244 245 246 89 91 247 230 241 248 249 250 251 222 221 252 253 254 255 221 256 257 171 258 259 260 261 129 262 263 4 236 220 264 227 226 265 266 267 268 242 269 270 250 249 271 169 272 46 104 126 220 5 4 262 156 263 273 166 165 35 204 33 274 275 276 73 20 19 277 278 279 280 281 163 282 188 187 283 284 285 66 2 67 286 287 288 289 290 291 292 293 294 295 8 7 296 297 274 267 298 265 299 31 300 47 125 262 189 301 302 92 164 303 256 221 304 85 305 83 9 11 15 27 268 269 287 286 306 16 15 11 307 144 212 308 309 310 75 74 311 284 283 312 261 313 314 181 49 48 313 261 260 119 315 117 5 220 212 164 92 162 278 277 316 317 318 319 43 42 320 74 22 321 322 214 323 23 22 105 71 324 69 92 94 162 325 326 327 328 306 329 330 331 332 44 299 42 306 328 287 333 334 335 336 337 338 339 340 335 341 342 343 344 341 345 333 335 340 346 347 348 349 350 351 351 344 352 353 354 355 356 357 358 359 360 361 362 345 360 363 364 365 352 345 366 367 335 334 341 344 337 353 355 368 347 338 369 370 354 353 371 362 359 372 343 342 349 369 350 371 359 363 350 369 337 373 356 374 358 357 375 342 341 336 369 338 337 366 362 371 368 363 353 364 363 359 350 337 344 366 345 362 353 365 370 343 360 345 361 360 376 359 362 360 359 361 364 343 372 360 354 356 373 363 368 371 352 344 345 356 370 357 377 369 349 343 345 341 365 353 363 337 336 341 354 370 356 355 354 373 346 338 347 378 347 377 351 350 344 377 347 369 376 360 372 379 380 378 381 358 382 383 384 385 3 386 387 356 358 374 388 387 386 387 389 3 390 391 143 304 236 392 393 394 395 396 394 397 392 396 304 398 399 400 401 390 402 384 382 403 404 405 406 398 400 407 386 143 408 397 304 396 400 380 379 409 410 411 379 412 400 413 398 383 412 407 400 4 3 389 143 402 390 378 380 347 348 380 399 403 385 384 389 414 4 303 164 415 375 416 358 403 382 358 403 358 416 402 303 401 374 358 381 400 399 380 414 392 236 403 416 385 385 413 383 236 4 414 405 415 164 383 398 407 164 406 405 395 417 276 367 334 418 274 276 417 415 401 303 406 367 404 419 420 296 380 348 347 233 154 421 260 411 410 125 47 44 334 422 423 155 157 84 296 274 419 274 424 275 203 202 425 426 427 428 418 404 367 54 53 126 429 430 431 0 2 66 104 46 23 432 275 424 108 107 111 124 72 433 427 426 253 422 296 420 126 43 46 238 101 100 7 6 434 230 247 228 423 418 334 276 393 395 105 194 106 430 429 309 417 419 274 105 104 23 420 423 422 262 129 48 430 309 308 127 126 104 184 96 95 17 148 435 106 127 104 436 437 209 235 69 324 182 116 115 53 44 43 199 198 40 214 213 438 158 165 157 437 436 439 55 125 53 139 138 97 218 231 219 204 35 202 411 260 259 108 110 440 71 39 124 177 32 198 209 437 210 441 442 443 265 444 445 22 21 321 7 434 446 175 123 447 448 449 450 297 424 274 137 451 135 205 124 433 109 133 107 147 36 38 330 445 444 146 145 452 324 71 205 66 65 453 115 114 193 148 223 235 231 218 37 31 47 49 244 243 454 57 56 455 156 262 125 265 445 266 87 97 138 100 99 456 268 27 29 169 271 167 161 139 159 242 268 240 48 128 181 218 217 457 160 159 458 214 322 215 65 173 453 155 83 459 181 180 19 194 193 224 28 27 34 81 203 425 229 228 460 16 26 223 20 73 41 290 446 434 122 121 90 165 158 461 301 189 462 200 115 194 151 443 463 223 25 69 39 73 124 106 224 216 442 441 464 22 74 76 241 240 247 40 39 465 123 175 121 49 181 18 320 46 43 427 253 252 47 31 299 466 70 25 442 463 443 467 39 70 171 257 172 299 44 47 48 47 262 468 142 307 469 470 393 471 472 212 152 151 463 26 16 11 473 474 475 409 476 410 188 477 186 393 276 469 275 478 479 480 481 482 19 18 181 483 294 293 325 484 485 79 450 449 471 212 222 486 487 488 77 75 311 118 480 489 489 119 118 317 319 490 482 489 480 478 275 432 331 330 444 143 386 144 222 212 220 290 289 446 5 144 3 8 295 491 470 256 304 460 492 493 26 10 24 494 186 477 477 495 494 64 292 62 298 267 496 476 409 497 386 3 144 498 499 500 293 501 483 326 325 485 46 320 45 236 304 221 315 502 503 464 504 442 478 505 479 449 232 79 142 144 307 318 506 319 163 406 164 333 507 422 93 92 508 163 335 406 39 467 465 25 24 466 508 303 402 509 137 136 422 297 296 484 325 510 495 511 512 493 229 460 513 222 506 40 465 199 303 508 92 397 470 304 504 464 514 507 333 340 488 515 486 516 486 515 500 517 498 245 518 243 94 280 162 187 448 282 513 471 222 136 519 509 333 422 334 31 30 300 131 130 520 110 111 149 63 500 499 60 59 195 503 117 315 519 488 487 402 142 508 275 469 276 142 402 143 397 393 470 451 482 481 468 508 142 512 494 495 481 135 451 335 367 406 115 200 182 517 503 502 281 339 335 294 62 292 515 521 516 297 422 507 102 13 237 499 64 63 178 518 522 450 282 448 502 498 517 505 490 479 487 509 519 112 103 102 60 195 197 505 317 490 72 19 180 163 281 335 472 307 212 23 45 21 472 468 307 475 523 473 162 280 163 190 189 302 518 245 522 70 466 467 318 513 506 518 178 170 521 475 474 508 468 93 474 516 521 394 393 397 </p>
        </polylist>
      </mesh>
    </geometry>
    <geometry id="meshId3" name="meshId3_name" >
      <mesh>
        <source id="meshId3-positions" name="meshId3-positions">
          <float_array id="meshId3-positions-array" count="195"> -0.612154 -0.124474 0.840516 -0.602493 -0.122125 0.854848 -0.602972 -0.118146 0.84694 -0.60381 -0.130788 0.833015 -0.611403 -0.130723 0.852936 -0.603417 0.0227314 0.846379 -0.612483 -0.111587 0.83557 -0.603179 -0.110017 0.843821 -0.594958 -0.111546 0.834482 -0.603417 0.0227314 0.846379 -0.603179 -0.110017 0.843821 -0.594958 -0.111546 0.834482 -0.604262 -0.113116 0.826232 -0.604262 -0.113116 0.826232 -0.612727 0.0246787 0.838196 -0.604512 0.0266882 0.828926 -0.603256 0.029524 0.849456 -0.612442 0.0366499 0.84362 -0.603179 -0.110017 0.843821 -0.604103 0.0438712 0.836711 -0.602972 -0.118146 0.84694 -0.594628 -0.124461 0.83944 -0.612483 -0.111587 0.83557 -0.595202 0.0247419 0.837109 -0.593875 -0.130725 0.851887 -0.602784 -0.139324 0.849975 -0.602493 -0.122125 0.854848 -0.61171 0.0406957 0.856236 -0.600051 0.031228 0.90368 -0.607974 0.0335248 0.919048 -0.608724 0.0397751 0.906629 -0.594182 0.0408018 0.855196 -0.594916 0.0367453 0.842547 -0.591195 0.039879 0.90561 -0.598843 0.0398908 0.925519 -0.590443 0.0336148 0.918057 -0.607644 0.0206394 0.923994 -0.598391 0.022218 0.932302 -0.603256 0.029524 0.849456 -0.603058 0.04965 0.854727 -0.590112 0.0206994 0.923014 -0.600051 0.031228 0.90368 -0.599573 0.0272487 0.911587 -0.599573 0.0272487 0.911587 -0.599868 0.0484261 0.908559 -0.599366 0.0191207 0.914707 -0.599128 -0.113629 0.912149 -0.599366 0.0191207 0.914707 -0.59814 -0.117586 0.929607 -0.589868 -0.115588 0.920388 -0.599128 -0.113629 0.912149 -0.590154 -0.127591 0.91495 -0.598549 -0.134769 0.921822 -0.590888 -0.131648 0.902301 -0.599289 -0.120421 0.909071 -0.607685 -0.127598 0.915944 -0.6074 -0.115627 0.921368 -0.599289 -0.120421 0.909071 -0.608417 -0.131645 0.903329 -0.599595 -0.140548 0.903806 -0.59971 -0.122746 0.901823 -0.59971 -0.122746 0.901823 -0.602835 0.0318486 0.856704 -0.602835 0.0318486 0.856704 -0.603179 -0.110017 0.843821 </float_array>
          <technique_common>
            <accessor count="65" offset="0" source="#meshId3-positions-array" stride="3">
              <param name="X" type="float" />
              <param name="Y" type="float" />
              <param name="Z" type="float" />
            </accessor>
          </technique_common>
        </source>
        <source id="meshId3-normals" name="meshId3-normals">
          <float_array id="meshId3-normals-array" count="195"> -0.98436 0.125274 0.123861 0.0143291 0.971214 0.237776 0.25563 0.599181 0.758707 0.108804 -0.702976 -0.702841 -0.95389 -0.299619 -0.0179361 0.204823 -0.189246 0.96033 -0.96656 -0.00621876 0.256366 -0.140321 0.206927 0.968241 0.996801 -0.000408059 0.0799185 0.204823 -0.189246 0.96033 -0.140321 0.206927 0.968241 0.996801 -0.000408059 0.0799185 -0.204024 -0.144336 -0.968267 -0.204024 -0.144336 -0.968267 -0.996509 -0.0691008 0.0468533 -0.259032 0.254587 -0.931712 -0.11239 -0.778765 0.617165 -0.990023 0.0762616 -0.118483 -0.140321 0.206927 0.968241 0.11239 0.778765 -0.617165 0.25563 0.599181 0.758707 0.983975 0.176061 0.0282037 -0.96656 -0.00621876 0.256366 0.929844 0.0718988 -0.360862 0.94496 -0.299591 -0.131511 -0.0144761 -0.970554 -0.24045 0.0143291 0.971214 0.237776 -0.998208 -0.00588894 0.0595534 0.135633 -0.951891 -0.274785 -0.983111 -0.180167 -0.0321373 -0.985122 0.120443 0.122587 0.998284 0.00597787 -0.0582447 0.990023 -0.0762616 0.118483 0.982899 0.181478 0.031233 -0.115316 0.702522 0.702257 0.985349 -0.121685 -0.119498 -0.998429 -0.00344428 0.0559213 0.372592 0.165068 0.913196 -0.11239 -0.778765 0.617165 -0.20936 0.973072 -0.0964385 0.998429 0.00344428 -0.0559213 0.135633 -0.951891 -0.274785 -0.249334 -0.599706 -0.760385 -0.249334 -0.599706 -0.760385 0.20633 0.961653 0.180696 0.269613 -0.162841 -0.9491 -0.373725 0.208211 -0.903868 0.269613 -0.162841 -0.9491 0.0549449 -0.220906 0.973746 0.981057 0.0607521 -0.183949 -0.373725 0.208211 -0.903868 0.989224 -0.0800592 0.122584 -0.119024 -0.778245 0.616578 0.988237 0.142316 -0.0559827 0.119024 0.778245 -0.616578 -0.989224 0.0800592 -0.122584 -0.96887 -0.0831246 0.233197 0.119024 0.778245 -0.616578 -0.987999 0.142435 0.0597511 0.00505267 -0.99603 0.0888699 -0.008509 0.988942 -0.148056 -0.008509 0.988942 -0.148056 -0.184106 -0.975125 0.123435 -0.184106 -0.975125 0.123435 -0.140321 0.206927 0.968241 </float_array>
          <technique_common>
            <accessor count="65" offset="0" source="#meshId3-normals-array" stride="3">
              <param name="X" type="float" />
              <param name="Y" type="float" />
              <param name="Z" type="float" />
            </accessor>
          </technique_common>
        </source>
        <source id="meshId3-tangents" name="meshId3-tangents">
          <float_array id="meshId3-tangents-array" count="195"> -0.00709143 -0.730694 0.682668 0.0543952 -0.238206 0.96969 0.0271132 -0.788916 0.613903 0.0400407 -0.703366 0.709699 0.0589665 -0.245651 0.967563 -0.00464903 -0.981308 -0.192388 0.00138749 -0.999818 -0.0190218 -0.030685 -0.978356 0.204642 0.00114972 -0.99981 -0.0194451 0.0019289 -0.981051 -0.193741 -0.030685 -0.978356 0.204642 -0.030684 -0.925302 0.377989 -0.0179612 -0.988353 0.151114 0.0351555 -0.989514 0.140095 0.0549477 -0.965358 -0.255077 -0.0027524 -0.964827 -0.26287 -0.0346675 -0.617649 -0.785689 0.0385317 -0.662295 -0.748252 0.0284735 -0.976669 0.212855 -0.0226537 -0.618931 -0.785119 -0.00283972 -0.784312 0.62036 0.105709 -0.703392 0.702898 0.0903143 -0.943911 0.317609 -0.00915317 -0.9759 -0.218025 0.056096 -0.247646 0.967225 0.0619158 -0.240884 0.968577 0.068143 -0.238196 0.968824 -0.0578143 -0.162073 -0.985084 -0.0750186 0.266684 -0.96086 -0.109393 0.719292 -0.686041 -0.0895014 0.249381 -0.964261 -0.0566742 -0.151167 -0.986882 0.0312588 -0.70105 -0.712426 -0.0145233 0.245478 -0.969293 -0.0294654 0.704243 -0.709347 0.006369 0.726432 -0.687208 -0.0133969 0.983831 -0.178595 -0.0135192 0.984914 -0.172516 -0.0545958 -0.615323 -0.786382 -0.0771475 -0.114754 -0.990394 -0.0127524 0.985881 -0.166961 -0.0608473 0.268821 -0.961266 -0.0273466 0.78923 -0.613489 -0.0100766 0.786747 -0.617193 -0.0751721 0.199702 -0.976969 -0.00932832 0.985111 -0.17167 0.0028713 0.974735 0.223348 -0.0130709 0.984889 -0.172695 -0.0095434 0.975059 0.221742 -0.0131795 0.968285 0.249502 0.0101492 0.975339 0.220478 -0.038157 0.667354 0.743762 0.0253598 0.618406 0.785449 0.033362 0.156628 0.987094 0.0304798 0.617835 0.785716 -0.0319775 0.698904 0.7145 -0.0297955 0.974252 0.223486 0.052246 0.615223 0.78662 0.0806787 0.146008 0.985988 0.0699814 0.0890053 0.99357 0.0578996 0.148301 0.987246 0.0578996 0.148301 0.987246 -0.0505715 -0.116017 -0.991959 -0.0517617 -0.115788 -0.991924 0.04547 -0.975538 0.215076 </float_array>
          <technique_common>
            <accessor count="65" offset="0" source="#meshId3-tangents-array" stride="3">
              <param name="X" type="float" />
              <param name="Y" type="float" />
              <param name="Z" type="float" />
            </accessor>
          </technique_common>
        </source>
        <source id="meshId3-bitangents" name="meshId3-bitangents">
          <float_array id="meshId3-bitangents-array" count="195"> -0.176025 -0.671113 -0.720155 -0.998417 0.000960896 0.0562426 -0.966395 0.136361 0.217916 0.993257 0.10536 0.0483811 0.294307 -0.921891 -0.251992 -0.978788 -0.0349409 0.201874 -0.256438 0.01803 -0.966393 -0.98963 0.000994977 -0.143633 -0.0799113 -0.0194748 0.996612 -0.978797 -0.0415349 0.200577 -0.98963 0.000994977 -0.143633 -0.0737945 0.379232 0.922354 0.978801 -0.0482223 -0.199055 0.978334 0.00545713 -0.206959 -0.0628562 0.251612 -0.965785 0.965865 0.0655274 -0.250622 -0.993059 0.109699 -0.0424195 0.135533 0.745352 -0.652749 -0.989697 -0.0574371 -0.131155 0.993406 -0.10222 0.0519195 -0.966771 0.160737 0.198792 -0.143591 0.688653 0.710731 -0.240012 -0.330142 -0.912908 0.367841 -0.206033 0.906777 0.32234 0.921367 0.21721 0.997976 0.00086645 -0.0635797 -0.997573 -0.00232044 0.0695946 -0.0154531 0.986761 -0.161442 -0.987915 -0.150938 0.0352383 -0.146718 0.670939 0.726853 0.146709 0.960886 0.234891 0.0147041 -0.98849 0.150569 -0.137393 -0.709022 0.691672 0.183572 -0.952264 -0.243916 0.992892 0.102492 0.0605108 -0.17043 -0.676379 -0.716565 0.054402 0.179064 0.982332 0.927897 -0.0519324 -0.369203 -0.992163 0.122076 -0.0266385 0.974791 0.199908 -0.0990948 -0.0545567 -0.167412 -0.984376 -0.988889 -0.147099 0.021459 -0.968031 0.13217 0.213182 -0.968365 0.146225 0.202206 0.975591 -0.187995 -0.113494 -0.962924 -0.0551379 -0.26408 -0.927535 -0.0808754 0.36488 -0.96288 -0.0589664 -0.263411 0.998444 0.0214765 -0.0514663 -0.193273 0.242351 -0.950743 -0.927484 -0.0732246 0.366621 0.141352 0.740425 -0.657108 0.992567 -0.109124 0.053869 -0.149248 0.97735 -0.150038 -0.992423 0.112312 -0.0498164 -0.142877 -0.710721 0.688812 0.24577 -0.20958 0.9464 -0.991516 0.12584 -0.032566 -0.131715 -0.978976 0.155747 0.997536 -0.00119906 -0.0701533 -0.998286 0.000171935 0.0585213 -0.998286 0.000171939 0.0585213 -0.981605 0.188868 0.027954 -0.981543 0.189008 0.0291568 -0.989061 -0.0742056 -0.127479 </float_array>
          <technique_common>
            <accessor count="65" offset="0" source="#meshId3-bitangents-array" stride="3">
              <param name="X" type="float" />
              <param name="Y" type="float" />
              <param name="Z" type="float" />
            </accessor>
          </technique_common>
        </source>
        <source id="meshId3-tex0" name="meshId3-tex0">
          <float_array id="meshId3-tex0-array" count="130"> 0.695446 0.595366 0.700717 0.59 0.695351 0.59 0.69529 0.600804 0.700904 0.595338 0.833463 0.59 0.891775 0.595371 0.891775 0.59 0.891775 0.606102 0.833523 0.611475 0.891775 0.611475 0.69 0.606511 0.69 0.600695 0.891775 0.600735 0.833284 0.595347 0.832992 0.600677 0.828576 0.59 0.828188 0.595809 0.69 0.59 0.828076 0.601073 0.695535 0.611475 0.695364 0.605887 0.69 0.59558 0.833348 0.606081 0.700935 0.606106 0.700828 0.600725 0.700787 0.611475 0.823168 0.595349 0.801721 0.59 0.796293 0.595619 0.801836 0.595265 0.823135 0.606393 0.828222 0.605928 0.801846 0.60607 0.79636 0.600686 0.796417 0.606159 0.790946 0.595299 0.791268 0.600736 0.828798 0.611475 0.822848 0.600802 0.790964 0.60605 0.801634 0.611475 0.796236 0.611475 0.796376 0.59 0.801769 0.600737 0.790788 0.611475 0.732592 0.59 0.790783 0.59 0.732079 0.600807 0.732374 0.606151 0.732559 0.611475 0.727275 0.605701 0.72716 0.600435 0.722238 0.60624 0.727676 0.611475 0.727305 0.595582 0.73243 0.595422 0.727866 0.59 0.722227 0.59517 0.721946 0.600698 0.722912 0.59 0.722848 0.611475 0.823762 0.59 0.823833 0.611475 0.69 0.611475 </float_array>
          <technique_common>
            <accessor count="65" offset="0" source="#meshId3-tex0-array" stride="2">
              <param name="S" type="float" />
              <param name="T" type="float" />
            </accessor>
          </technique_common>
        </source>
        <vertices id="meshId3-vertices">
          <input semantic="POSITION" source="#meshId3-positions" />
        </vertices>
        <polylist count="96" material="defaultMaterial">
          <input offset="0" semantic="VERTEX" source="#meshId3-vertices" />
          <input offset="0" semantic="NORMAL" source="#meshId3-normals" />
          <input offset="0" semantic="TANGENT" source="#meshId3-tangents" />
          <input offset="0" semantic="BINORMAL" source="#meshId3-bitangents" />
          <input offset="0" semantic="TEXCOORD" source="#meshId3-tex0" set="0" />
          <vcount>3 3 3 3 3 3 3 3 3 3 3 3 3 3 3 3 3 3 3 3 3 3 3 3 3 3 3 3 3 3 3 3 3 3 3 3 3 3 3 3 3 3 3 3 3 3 3 3 3 3 3 3 3 3 3 3 3 3 3 3 3 3 3 3 3 3 3 3 3 3 3 3 3 3 3 3 3 3 3 3 3 3 3 3 3 3 3 3 3 3 3 3 3 3 3 3 </vcount>
          <p>0 1 2 3 4 0 5 6 7 8 9 10 11 3 12 13 14 15 14 16 17 18 0 2 15 17 19 11 20 21 12 0 22 23 13 15 3 24 25 21 26 24 16 27 17 28 29 30 19 31 32 33 34 35 34 36 37 31 38 32 19 27 39 35 37 40 19 23 15 41 35 42 43 36 29 30 34 44 35 45 42 46 36 47 32 9 23 36 48 37 45 49 50 51 48 52 53 54 51 46 55 56 54 49 51 56 52 48 57 58 55 53 52 59 58 52 55 49 37 48 58 1 4 4 59 58 1 58 60 59 4 25 39 30 44 53 26 61 30 39 27 59 24 53 24 59 25 26 53 24 44 31 39 62 30 27 41 31 33 31 41 63 31 44 33 30 62 28 35 41 33 36 43 47 49 45 40 52 58 59 0 18 22 48 51 49 20 11 64 34 30 29 36 46 56 27 19 17 24 3 21 45 35 40 52 56 55 48 36 56 52 53 51 17 15 14 37 35 34 13 23 8 37 49 40 29 28 43 31 19 39 26 21 20 0 12 3 34 33 44 36 34 29 23 19 32 63 38 31 60 58 57 38 9 32 57 55 46 50 49 54 5 16 14 62 27 16 61 54 53 9 8 23 1 0 4 6 5 14 3 11 21 14 13 6 4 3 25 </p>
        </polylist>
      </mesh>
    </geometry>
    <geometry id="meshId4" name="meshId4_name" >
      <mesh>
        <source id="meshId4-positions" name="meshId4-positions">
          <float_array id="meshId4-positions-array" count="66"> -0.337915 -0.0478066 0.941387 -0.507356 0.0509864 0.932816 -0.530606 -0.0128854 0.927448 -0.271017 -0.232327 0.936891 -0.212162 -0.198555 0.943555 -0.168449 0.0494378 0.960574 -0.212123 0.101792 0.959821 -0.145225 -0.0827289 0.955325 -0.145216 -0.0146452 0.959013 -0.530615 -0.0809681 0.92376 -0.507381 -0.145052 0.922199 -0.337915 -0.0478066 0.941387 -0.463668 0.102941 0.939218 -0.507356 0.0509864 0.932816 -0.404862 -0.231716 0.925929 -0.337941 -0.243844 0.93077 -0.168475 -0.1466 0.949957 -0.463708 -0.197406 0.922952 -0.270969 0.136102 0.956844 -0.337889 0.148231 0.952004 -0.404813 0.136714 0.945882 -0.463668 0.102941 0.939218 </float_array>
          <technique_common>
            <accessor count="22" offset="0" source="#meshId4-positions-array" stride="3">
              <param name="X" type="float" />
              <param name="Y" type="float" />
              <param name="Z" type="float" />
            </accessor>
          </technique_common>
        </source>
        <source id="meshId4-normals" name="meshId4-normals">
          <float_array id="meshId4-normals-array" count="66"> -0.0818637 -0.0538865 0.995186 -0.0818637 -0.0538865 0.995186 -0.0818637 -0.0538865 0.995186 -0.0818637 -0.0538865 0.995186 -0.0818637 -0.0538865 0.995186 -0.0818637 -0.0538865 0.995186 -0.0818637 -0.0538865 0.995186 -0.0818637 -0.0538865 0.995186 -0.0818637 -0.0538865 0.995186 -0.0818637 -0.0538865 0.995186 -0.0818637 -0.0538865 0.995186 -0.0818637 -0.0538865 0.995186 -0.0818637 -0.0538865 0.995186 -0.0818637 -0.0538865 0.995186 -0.0818637 -0.0538865 0.995186 -0.0818637 -0.0538865 0.995186 -0.0818637 -0.0538865 0.995186 -0.0818637 -0.0538865 0.995186 -0.0818637 -0.0538865 0.995186 -0.0818637 -0.0538865 0.995186 -0.0818637 -0.0538865 0.995186 -0.0818637 -0.0538865 0.995186 </float_array>
          <technique_common>
            <accessor count="22" offset="0" source="#meshId4-normals-array" stride="3">
              <param name="X" type="float" />
              <param name="Y" type="float" />
              <param name="Z" type="float" />
            </accessor>
          </technique_common>
        </source>
        <source id="meshId4-tangents" name="meshId4-tangents">
          <float_array id="meshId4-tangents-array" count="66"> 0.640729 0.761995 0.0939661 0.640726 0.761998 0.093966 0.640729 0.761995 0.0939661 0.640733 0.761992 0.0939662 0.640732 0.761993 0.0939662 0.640733 0.761992 0.0939662 0.640733 0.761992 0.0939663 0.640731 0.761994 0.0939662 0.64073 0.761994 0.0939662 0.64073 0.761994 0.0939662 0.640729 0.761996 0.0939661 0.640738 0.761988 0.0939664 0.640738 0.761988 0.0939665 0.640738 0.761988 0.0939664 0.640729 0.761995 0.0939661 0.64073 0.761994 0.0939662 0.640732 0.761993 0.0939662 0.64073 0.761994 0.0939661 0.640733 0.761992 0.0939663 0.640733 0.761992 0.0939663 0.640729 0.761995 0.0939661 0.640727 0.761997 0.0939661 </float_array>
          <technique_common>
            <accessor count="22" offset="0" source="#meshId4-tangents-array" stride="3">
              <param name="X" type="float" />
              <param name="Y" type="float" />
              <param name="Z" type="float" />
            </accessor>
          </technique_common>
        </source>
        <source id="meshId4-bitangents" name="meshId4-bitangents">
          <float_array id="meshId4-bitangents-array" count="66"> 0.76339 -0.645337 0.0278531 0.763393 -0.645333 0.0278535 0.76339 -0.645337 0.027853 0.763387 -0.64534 0.0278526 0.763388 -0.64534 0.0278527 0.763387 -0.64534 0.0278526 0.763387 -0.64534 0.0278527 0.763389 -0.645338 0.0278529 0.763389 -0.645338 0.0278529 0.763389 -0.645338 0.0278529 0.763391 -0.645336 0.0278531 0.763383 -0.645346 0.027852 0.763383 -0.645346 0.027852 0.763383 -0.645346 0.027852 0.76339 -0.645337 0.027853 0.763389 -0.645338 0.0278529 0.763388 -0.64534 0.0278527 0.763389 -0.645338 0.027853 0.763387 -0.645341 0.0278526 0.763387 -0.64534 0.0278526 0.76339 -0.645337 0.0278531 0.763392 -0.645335 0.0278533 </float_array>
          <technique_common>
            <accessor count="22" offset="0" source="#meshId4-bitangents-array" stride="3">
              <param name="X" type="float" />
              <param name="Y" type="float" />
              <param name="Z" type="float" />
            </accessor>
          </technique_common>
        </source>
        <source id="meshId4-tex0" name="meshId4-tex0">
          <float_array id="meshId4-tex0-array" count="44"> 0.5 0.492404 0.413176 5.55112e-15 0.25 0.0593912 0.25 0.925416 0.413176 0.984807 0.969846 0.663414 1 0.492404 0.75 0.925416 0.883022 0.813797 0.116978 0.17101 0.0301537 0.321394 0.5 0.492404 0.586824 1.46549e-14 0.413176 8.21565e-15 0.0301537 0.663414 0.116978 0.813797 0.586824 0.984807 1.55431e-15 0.492404 0.969846 0.321394 0.883022 0.17101 0.75 0.0593912 0.586824 1.55431e-15 </float_array>
          <technique_common>
            <accessor count="22" offset="0" source="#meshId4-tex0-array" stride="2">
              <param name="S" type="float" />
              <param name="T" type="float" />
            </accessor>
          </technique_common>
        </source>
        <vertices id="meshId4-vertices">
          <input semantic="POSITION" source="#meshId4-positions" />
        </vertices>
        <polylist count="18" material="defaultMaterial">
          <input offset="0" semantic="VERTEX" source="#meshId4-vertices" />
          <input offset="0" semantic="NORMAL" source="#meshId4-normals" />
          <input offset="0" semantic="TANGENT" source="#meshId4-tangents" />
          <input offset="0" semantic="BINORMAL" source="#meshId4-bitangents" />
          <input offset="0" semantic="TEXCOORD" source="#meshId4-tex0" set="0" />
          <vcount>3 3 3 3 3 3 3 3 3 3 3 3 3 3 3 3 3 3 </vcount>
          <p>0 1 2 0 3 4 0 5 6 0 7 8 0 9 10 11 12 13 0 2 9 0 14 15 0 16 7 0 10 17 0 6 18 0 18 19 0 15 3 0 20 21 0 8 5 0 4 16 0 19 20 14 0 17 </p>
        </polylist>
      </mesh>
    </geometry>
    <geometry id="meshId5" name="meshId5_name" >
      <mesh>
        <source id="meshId5-positions" name="meshId5-positions">
          <float_array id="meshId5-positions-array" count="1572"> 0.0599287 -0.00410044 0.955293 0.069088 -0.0035142 0.944525 0.0579984 -0.0262177 0.953535 0.566302 -0.172224 0.649272 0.506985 -0.277132 0.640731 0.560913 -0.184402 0.540269 0.0916726 -0.0938578 0.970127 0.118543 -0.0881883 0.966132 0.0916656 -0.0717094 0.971263 0.192725 -0.21903 0.925587 0.197269 -0.222008 0.98056 0.145095 -0.161155 0.960134 0.587526 -0.0195708 0.942489 0.60852 -0.0194969 0.940689 0.587453 0.00900788 0.943681 0.135561 -0.162087 0.915157 0.186969 -0.223247 0.908143 0.142814 -0.159652 0.932396 0.556614 -0.0849678 0.906651 0.561775 -0.0851617 0.888639 0.556614 -0.00720095 0.910862 0.192725 0.124033 0.944166 0.145095 0.0627647 0.972261 0.197269 0.121056 0.99914 0.259969 -0.257652 0.918654 0.336436 -0.270859 0.912434 0.264489 -0.260593 0.972949 0.521199 -0.153314 0.957673 0.545924 -0.0851435 0.959334 0.507364 -0.145119 0.9222 0.559622 -0.00909362 0.9458 0.533065 0.0638793 0.951664 0.561031 -0.00997994 0.962164 0.530606 -0.0129551 0.927449 0.530606 -0.0810388 0.923762 0.545924 -0.012715 0.963256 0.039535 -0.0277138 0.980065 0.0263683 -0.0270719 0.968914 0.0395491 -0.0720106 0.977793 0.530057 -0.158146 0.904599 0.533065 -0.160039 0.939537 0.480147 -0.217914 0.904955 0.412903 0.163772 0.930468 0.336436 0.176979 0.936688 0.41737 0.160915 0.983219 0.259969 0.163177 0.941445 0.264489 0.160237 0.99574 0.530057 0.065772 0.916726 0.534422 0.0700997 0.899017 0.480147 0.12515 0.923535 0.605512 -0.0170276 0.905751 0.584518 -0.0171016 0.90755 0.60544 0.0115511 0.906943 0.333547 0.178872 0.90174 0.25708 0.16507 0.906497 0.334991 0.184643 0.919578 0.069088 -0.0035142 0.944525 0.0716934 -0.00530935 0.9763 0.0890391 -0.00346812 0.942896 0.630326 -0.0746877 0.909357 0.616942 -0.0747295 0.910357 0.61828 -0.0740125 0.899235 0.16066 0.0536368 0.998496 0.147376 0.0612622 1 0.120828 -0.0119316 0.998217 0.0609018 -0.00477027 0.967161 0.0590986 -0.0269668 0.966953 0.0716934 -0.00530935 0.9763 0.0609018 -0.00477027 0.967161 0.413753 -0.262415 0.889696 0.412903 -0.257057 0.907676 0.334991 -0.27663 0.894596 0.534422 -0.160536 0.886526 0.527168 -0.156254 0.869651 0.118543 -0.0104226 0.970344 0.118543 -0.0881883 0.966132 0.120828 -0.0119316 0.998217 0.145095 -0.161155 0.960134 0.147376 -0.162656 0.987873 0.404833 0.13666 0.945883 0.412123 0.146451 0.982867 0.337911 0.148186 0.952004 0.147376 -0.162656 0.987873 0.0691092 -0.0699603 0.941117 0.0580125 -0.0705144 0.951263 0.0672513 -0.0697749 0.937501 0.584518 -0.0171016 0.90755 0.606827 -0.0168551 0.901607 0.584518 -0.0742601 0.905178 0.605512 -0.0170276 0.905751 0.616942 -0.0175721 0.912729 0.606827 -0.0168551 0.901607 0.477258 0.127043 0.888587 0.527168 0.0676647 0.881778 0.461544 0.128658 0.812728 0.632116 -0.0760606 0.930151 0.61859 -0.0760338 0.929495 0.606827 -0.0740125 0.899235 0.61828 -0.0740125 0.899235 0.610523 -0.0196566 0.944548 0.610523 -0.076814 0.942176 0.621975 -0.0196566 0.944548 0.61859 -0.0188753 0.931867 0.616443 0.00973023 0.932402 0.135561 0.0685489 0.927647 0.142814 0.0642662 0.944523 0.186969 0.130109 0.92728 0.025141 -0.0262424 0.953945 0.0263683 -0.0270719 0.968914 0.0579984 -0.0262177 0.953535 0.0590986 -0.0269668 0.966953 0.0704551 -0.027657 0.979033 0.616942 -0.0175721 0.912729 0.614939 0.0109659 0.914922 0.135561 -0.162087 0.915157 0.108208 -0.0869247 0.921196 0.139926 -0.15776 0.897447 0.47473 0.110513 0.975778 0.48459 0.12233 0.975608 0.41737 0.160915 0.983219 0.61828 -0.0168551 0.901607 0.632116 -0.0189032 0.932523 0.630326 -0.0175303 0.911729 0.61859 -0.0188753 0.931867 0.483014 -0.222097 0.886893 0.413752 0.171039 0.913171 0.189836 0.125926 0.909218 0.25623 0.170427 0.924478 0.527168 0.0676647 0.881778 0.553725 -0.00530827 0.875914 0.0599569 -0.0926939 0.950749 0.06093 -0.0933648 0.962617 0.0580125 -0.0705144 0.951263 0.0690951 -0.0256626 0.943389 0.0672372 -0.0254782 0.939773 0.521199 -0.153314 0.957673 0.534483 -0.160939 0.956168 0.561031 -0.0877457 0.957952 0.630326 -0.0175303 0.911729 0.630326 -0.0746877 0.909357 0.61828 -0.0168551 0.901607 0.0363171 -0.025535 0.940805 0.584525 -0.101104 0.626465 0.567229 0.00593845 0.521081 0.54633 -0.00418617 0.734614 0.0704551 -0.027657 0.979033 0.0704692 -0.0719548 0.976761 0.0916515 -0.0274127 0.973535 0.189836 -0.217138 0.890639 0.0916515 -0.0274127 0.973535 0.0717005 -0.0274588 0.975164 0.55922 0.0578659 0.949938 0.533065 0.0638793 0.951664 0.587453 0.00900788 0.943681 0.0690951 -0.0256626 0.943389 0.0251551 -0.0705401 0.951673 0.410014 0.165665 0.895519 0.0263824 -0.0713697 0.966642 0.0591127 -0.0712646 0.964682 0.632116 -0.0189032 0.932523 0.621975 -0.0196566 0.944548 0.632116 -0.0760606 0.930151 0.405153 0.207984 0.783307 0.329911 0.181122 0.870249 0.398129 0.167598 0.847396 0.0717146 -0.0717555 0.972892 0.0704692 -0.0719548 0.976761 0.0691162 -0.0921087 0.939981 0.0599569 -0.0926939 0.950749 0.0691092 -0.0699603 0.941117 0.60852 -0.0766544 0.938317 0.608447 -0.105233 0.937137 0.61859 -0.0760338 0.929495 0.0916444 -0.00526326 0.974671 0.0916515 -0.0274127 0.973535 0.60852 -0.0194969 0.940689 0.610523 -0.0196566 0.944548 0.561031 -0.0877457 0.957952 0.616443 -0.104585 0.927657 0.0580125 -0.0705144 0.951263 0.561775 -0.00506285 0.892977 0.553725 -0.0830751 0.871702 0.142814 -0.159652 0.932396 0.116258 -0.0866793 0.93826 0.60852 -0.0766544 0.938317 0.610523 -0.076814 0.942176 0.168458 0.0494153 0.960574 0.16066 0.0536368 0.998496 0.135935 -0.0145337 0.996835 0.0591127 -0.0712646 0.964682 0.06093 -0.0933648 0.962617 0.0717146 -0.0717555 0.972892 0.621975 -0.076814 0.942176 0.108208 -0.00682584 0.925534 0.113369 -0.0847866 0.903311 0.605512 -0.0741851 0.903379 0.584518 -0.0742601 0.905178 0.606827 -0.0740125 0.899235 0.534483 -0.160939 0.956168 0.559622 -0.0868594 0.941589 0.116258 -0.0089125 0.942471 0.587526 -0.0767294 0.940117 0.521199 0.0552358 0.968967 0.47473 0.110513 0.975778 0.507364 0.0509189 0.932817 0.410014 -0.255165 0.872728 0.0890461 -0.0256165 0.94176 0.584446 0.0114771 0.908742 0.0599287 -0.00410044 0.955293 0.584446 0.0114771 0.908742 0.587453 0.00900788 0.943681 0.60544 0.0115511 0.906943 0.53475 -0.15525 0.74019 0.0672372 -0.0254782 0.939773 0.0672513 -0.0697749 0.937501 0.0363171 -0.025535 0.940805 0.139926 0.0661589 0.909574 0.0251551 -0.0705401 0.951673 0.025141 -0.0262424 0.953945 0.0363312 -0.0698317 0.938533 0.46416 -0.214908 0.760725 0.423408 -0.272797 0.762834 0.500444 -0.242659 0.707543 0.25623 -0.263027 0.901003 0.113369 -0.00701983 0.907523 0.0890673 -0.0920626 0.938352 0.126177 -0.157369 0.961308 0.0916726 -0.0938578 0.970127 0.270989 -0.232364 0.936892 0.212138 -0.198583 0.943555 0.269735 -0.246128 0.973302 0.0263824 -0.0713697 0.966642 0.340929 0.158711 0.989379 0.0890391 -0.00346812 0.942896 0.587526 -0.0195708 0.942489 0.25708 -0.25576 0.883706 0.425037 -0.308282 0.733112 0.608447 0.00908183 0.941881 0.587526 -0.0195708 0.942489 0.587526 -0.0767294 0.940117 0.404833 -0.23177 0.92593 0.337911 -0.243889 0.93077 0.412123 -0.245497 0.96164 0.60544 -0.102764 0.902198 0.584446 -0.102839 0.903998 0.605512 -0.0741851 0.903379 0.584518 -0.0171016 0.90755 0.340929 -0.25839 0.96679 0.123896 0.0603148 0.946443 0.0916444 -0.00526326 0.974671 0.126177 0.0589472 0.974181 0.400454 -0.253849 0.783152 0.0916726 -0.0938578 0.970127 0.0717216 -0.0939038 0.971756 0.0890673 -0.0920626 0.938352 0.331115 -0.267372 0.808472 0.400454 -0.253849 0.783152 0.587453 -0.105308 0.938937 0.587526 -0.0767294 0.940117 0.584446 -0.102839 0.903998 0.556614 -0.0849678 0.906651 0.584518 -0.0742601 0.905178 0.477258 0.127043 0.888587 0.483014 0.131259 0.90603 0.123896 -0.156003 0.933569 0.0890673 -0.0920626 0.938352 0.0890602 -0.0699143 0.939488 0.116258 -0.0866793 0.93826 0.463684 -0.197467 0.922953 0.47473 -0.209004 0.958474 0.0890391 -0.00346812 0.942896 0.0890673 -0.0920626 0.938352 0.0890602 -0.0699143 0.939488 0.0916656 -0.0717094 0.971263 0.107835 -0.202171 0.873004 0.136808 -0.191636 0.871251 0.0660492 -0.104573 0.87186 0.123896 -0.156003 0.933569 0.142814 -0.159652 0.932396 0.126177 -0.157369 0.961308 0.333547 0.178872 0.90174 0.410014 0.165665 0.895519 0.212138 0.101764 0.959821 0.145095 0.0627647 0.972261 0.142814 0.0642662 0.944523 0.126177 0.0589472 0.974181 0.587453 -0.105308 0.938937 0.55922 -0.153536 0.936779 0.584446 -0.102839 0.903998 0.126177 0.0589472 0.974181 0.0916444 -0.00526326 0.974671 0.145095 0.0627647 0.972261 0.120828 -0.0896984 0.994005 0.135935 -0.0869622 0.992912 0.135935 -0.0145337 0.996835 0.145095 -0.161155 0.960134 0.113369 -0.00701983 0.907523 0.0510802 -0.0299505 0.870558 0.142814 -0.159652 0.932396 0.534483 0.0629791 0.968295 0.48459 0.12233 0.975608 0.0717216 -0.0939038 0.971756 0.0916726 -0.0938578 0.970127 0.487772 0.177736 0.69226 0.331115 -0.313904 0.771598 0.0890602 -0.0699143 0.939488 0.556212 -0.15189 0.901841 0.559244 -0.0820666 0.727006 0.584446 -0.102839 0.903998 0.60544 -0.102764 0.902198 0.587453 -0.105308 0.938937 0.120828 -0.0896984 0.994005 0.123896 0.0603148 0.946443 0.556212 -0.15189 0.901841 0.530057 -0.158146 0.904599 0.412123 0.146451 0.982867 0.145095 -0.161155 0.960134 0.331115 -0.267372 0.808472 0.410014 -0.255165 0.872728 0.333547 -0.268966 0.877486 0.340929 0.17408 0.990211 0.147376 0.0612622 1 0.0890602 -0.0699143 0.939488 0.0890461 -0.0256165 0.94176 0.333547 -0.268966 0.877486 0.530057 0.065772 0.916726 0.533065 0.0638793 0.951664 0.556212 0.059512 0.915 0.530057 -0.158146 0.904599 0.533065 -0.160039 0.939537 0.123896 0.0603148 0.946443 0.142814 0.0642662 0.944523 0.0890391 -0.00346812 0.942896 0.254337 0.167599 0.882055 0.14181 0.137607 0.890564 0.151467 0.112856 0.891019 0.32675 -0.304518 0.759677 0.41585 -0.265168 0.750952 0.415967 -0.298846 0.723536 0.189836 0.125926 0.909218 0.25708 0.16507 0.906497 0.551398 -0.166623 0.646409 0.493949 -0.268262 0.636689 0.489182 -0.234664 0.699404 0.521625 -0.145975 0.734449 0.452733 -0.204215 0.754106 0.169262 -0.26584 0.814698 0.254973 -0.24843 0.822488 0.252363 -0.29711 0.787319 0.462061 -0.196764 0.886919 0.391529 -0.240103 0.774886 0.402293 -0.231891 0.886919 0.50588 -0.143338 0.886919 0.462447 0.107892 0.886919 0.390831 0.153178 0.843405 0.44982 0.117622 0.81021 0.256614 0.148891 0.866911 0.327508 0.190847 0.827526 0.328604 0.165128 0.864891 0.55167 0.00319697 0.520535 0.568079 -0.100495 0.6252 0.531174 -0.00838521 0.733139 0.543549 -0.0809884 0.725027 0.474672 0.170093 0.686954 0.523225 0.106609 0.5851 0.496341 0.0599879 0.771582 0.529638 -0.0781226 0.886919 0.254337 0.18867 0.865374 0.506796 0.0545649 0.886919 0.326356 -0.251943 0.800684 0.397083 0.19646 0.775436 0.529718 -0.0107752 0.886919 0.54556 -0.179508 0.540975 0.334202 0.154452 0.886919 0.402292 0.142356 0.886919 0.253853 0.1788 0.852906 0.555156 -0.091411 0.507935 0.333503 -0.244593 0.886919 0.264689 -0.233454 0.886919 0.179121 -0.216311 0.843382 0.202808 -0.199825 0.886919 0.203551 0.108269 0.886919 0.265137 0.142344 0.886919 0.0680674 0.0665758 0.870346 0.153028 0.056852 0.886919 0.128886 -0.00806262 0.886919 0.555156 -0.091411 0.507935 0.570875 -0.0921912 0.506097 0.55167 0.00319697 0.520535 0.54556 -0.179508 0.540975 0.55167 0.00319697 0.520535 0.523225 0.106609 0.5851 0.415967 -0.298846 0.723536 0.169262 -0.26584 0.814698 0.252363 -0.29711 0.787319 0.169592 -0.274608 0.827822 0.254503 -0.306525 0.799872 0.32675 -0.304518 0.759677 0.141009 -0.186413 0.856738 0.107047 -0.196885 0.857713 0.0697557 -0.102484 0.855823 0.538117 0.111351 0.587981 0.474672 0.170093 0.686954 0.158023 0.102274 0.879853 0.329911 0.203071 0.837765 0.327508 0.190847 0.827526 0.253853 0.1788 0.852906 0.132001 -0.0790979 0.886919 0.55167 0.00319697 0.520535 0.584518 -0.0171016 0.90755 0.556614 -0.00720095 0.910862 0.584446 0.0114771 0.908742 0.157623 -0.146733 0.886919 0.058758 -0.0287073 0.856849 0.493949 -0.268262 0.636689 0.397083 0.19646 0.775436 0.14269 0.132009 0.874942 0.107047 -0.196885 0.857713 0.14269 0.132009 0.874942 0.058758 -0.0287073 0.856849 0.0697557 -0.102484 0.855823 0.0890461 -0.0256165 0.94176 0.0680674 0.0665758 0.870346 0.0634985 0.0701157 0.886216 0.113369 -0.0847866 0.903311 0.463684 0.10288 0.93922 0.0599569 -0.0926939 0.950749 0.0691162 -0.0921087 0.939981 0.06093 -0.0933648 0.962617 0.616443 -0.104585 0.927657 0.608447 -0.105233 0.937137 0.614939 -0.10335 0.910178 0.139926 -0.15776 0.897447 0.477258 -0.216021 0.870007 0.0916515 -0.0274127 0.973535 0.139926 -0.15776 0.897447 0.608447 0.00908183 0.941881 0.614939 0.0109659 0.914922 0.0363312 -0.0698317 0.938533 0.616443 0.00973023 0.932402 0.039535 -0.0277138 0.980065 0.587526 -0.0195708 0.942489 0.559622 -0.0868594 0.941589 0.587526 -0.0767294 0.940117 0.0890461 -0.0256165 0.94176 0.116258 -0.0089125 0.942471 0.118543 -0.0104226 0.970344 0.621975 -0.0196566 0.944548 0.270989 0.136067 0.956845 0.269735 0.145818 0.994529 0.207129 0.109327 0.997695 0.545924 -0.0851435 0.959334 0.0916656 -0.0717094 0.971263 0.0717005 -0.0274588 0.975164 0.584518 -0.0742601 0.905178 0.0916444 -0.00526326 0.974671 0.621975 -0.076814 0.942176 0.0363171 -0.025535 0.940805 0.621975 -0.076814 0.942176 0.0363312 -0.0698317 0.938533 0.207129 -0.210192 0.980391 0.0395491 -0.0720106 0.977793 0.0916656 -0.0717094 0.971263 0.559622 -0.00909362 0.9458 0.587453 -0.105308 0.938937 0.48459 -0.220733 0.957028 0.340929 -0.273758 0.965957 0.41737 -0.259915 0.960428 0.553725 -0.00530827 0.875914 0.254503 -0.264383 0.831479 0.175738 -0.229832 0.855917 0.553725 -0.0830751 0.871702 0.527168 -0.156254 0.869651 0.197269 -0.222008 0.98056 0.207129 -0.210192 0.980391 0.16066 -0.154914 0.987201 0.530057 0.065772 0.916726 0.145216 -0.0146645 0.959013 0.175738 -0.229832 0.855917 0.189836 -0.217138 0.890639 0.545924 -0.012715 0.963256 0.561031 -0.00997994 0.962164 0.534483 0.0629791 0.968295 0.147376 -0.162656 0.987873 0.55922 0.0578659 0.949938 0.587453 0.00900788 0.943681 0.41737 -0.259915 0.960428 0.412123 -0.245497 0.96164 0.340929 -0.25839 0.96679 0.521199 0.0552358 0.968967 0.254503 -0.264383 0.831479 0.126177 -0.157369 0.961308 0.168458 -0.146622 0.949957 0.16066 -0.154914 0.987201 0.135935 -0.0869622 0.992912 0.145216 -0.0827471 0.955326 0.123896 -0.156003 0.933569 0.556212 0.059512 0.915 0.197269 0.121056 0.99914 0.207129 0.109327 0.997695 0.269735 0.145818 0.994529 0.16066 -0.154914 0.987201 0.340929 0.17408 0.990211 0.340929 0.158711 0.989379 0.533065 -0.160039 0.939537 0.25708 -0.25576 0.883706 0.400454 -0.253849 0.783152 0.139926 0.0661589 0.909574 0.50981 0.0689979 0.773181 0.47473 -0.209004 0.958474 0.584446 0.0114771 0.908742 0.16066 -0.154914 0.987201 0.168458 -0.146622 0.949957 0.477258 -0.216021 0.870007 0.55922 -0.153536 0.936779 0.340929 -0.273758 0.965957 0.269735 -0.246128 0.973302 0.264489 0.160237 0.99574 0.616942 -0.0747295 0.910357 0.48459 -0.220733 0.957028 0.0591127 -0.0712646 0.964682 0.264489 -0.260593 0.972949 0.614939 -0.10335 0.910178 0.147376 -0.162656 0.987873 </float_array>
          <technique_common>
            <accessor count="524" offset="0" source="#meshId5-positions-array" stride="3">
              <param name="X" type="float" />
              <param name="Y" type="float" />
              <param name="Z" type="float" />
            </accessor>
          </technique_common>
        </source>
        <source id="meshId5-normals" name="meshId5-normals">
          <float_array id="meshId5-normals-array" count="1572"> -0.980954 0.0989131 -0.167168 -0.537223 0.0728943 -0.840285 -0.879838 0.0849977 -0.467612 0.902919 -0.37332 0.213 0.372523 -0.876218 -0.305725 0.549281 -0.52692 -0.648572 0.102261 -0.059184 0.992995 0.154471 -0.0450801 0.986968 0.162125 -0.0504924 0.985478 -0.649798 -0.743239 0.159242 -0.640673 -0.76773 0.0113694 -0.724146 -0.689287 0.0222766 0.0529457 -0.0439115 0.997631 0.425558 -0.0193022 0.904725 0.083797 -0.0538675 0.995026 -0.863193 -0.503044 0.0429505 -0.626098 -0.767686 0.1366 -0.614421 -0.762324 0.203343 0.934539 -0.231483 0.270281 0.981624 -0.168812 -0.0889799 0.953626 0.0929175 0.286292 -0.626821 0.749234 0.213879 -0.769722 0.630894 0.0974738 -0.684338 0.72287 0.095603 -0.375409 -0.912217 0.164096 -0.0444295 -0.99016 0.132703 -0.285334 -0.958016 -0.0280872 -0.790892 0.451732 0.41283 -0.891963 0.197159 0.406855 -0.790892 0.451732 0.41283 0.989656 0.119943 -0.0787044 0.710744 0.703046 -0.0238537 0.969383 0.235231 -0.0704533 -0.891963 -0.239945 0.383183 -0.911194 0.0877972 0.402514 -0.911194 -0.130755 0.390678 -0.328817 -0.0484776 0.943149 -0.81866 -0.0296753 0.573511 -0.328817 -0.0484776 0.943149 0.713482 -0.694181 0.0951639 0.657121 -0.747713 -0.0954856 0.64392 -0.760001 0.0881174 0.350357 0.914288 0.203293 0.0150054 0.972046 0.234309 0.285309 0.958033 0.027768 -0.320145 0.911376 0.258652 -0.395276 0.914863 0.082356 0.767863 0.60871 0.199647 0.863193 0.503044 -0.0429505 0.661958 0.724247 0.193072 0.382172 0.0624383 -0.921979 -0.116794 0.0432651 -0.992213 0.169079 0.0414991 -0.984728 0.0289339 0.950356 -0.309817 -0.292599 0.912554 -0.285713 2.3719e-07 0.998537 0.0540788 0.00227718 0.998415 0.0562322 0.00227718 0.998415 0.0562322 0.00227718 0.998415 0.0562322 -0.000835183 -0.997813 -0.0660929 -0.00558551 -0.998123 -0.0609846 -0.000861987 -0.997926 -0.0643693 0.0818541 -0.0538973 0.995186 0.0818541 -0.0538973 0.995186 0.0818541 -0.0538973 0.995186 -0.885637 0.0676495 0.459425 -0.872527 0.044449 0.486539 -0.275172 -0.0267435 0.961023 0.00227718 0.998415 0.0562322 0.341096 -0.936747 -0.0784788 0.293904 -0.949842 0.106863 -2.3719e-07 -0.998537 -0.0540788 0.866296 -0.498642 0.0297838 0.778037 -0.441882 -0.446542 -0.98153 0.169011 0.0896331 -0.981522 -0.177724 0.0709083 -0.981522 0.169027 0.0896876 -0.724146 -0.689287 0.0222766 -0.89089 -0.451598 0.0487215 -0.348016 -0.887035 0.303404 -0.243942 -0.924528 0.292815 0.0263212 -0.962774 0.269025 -0.89089 -0.451598 0.0487215 0.000199454 -0.99869 -0.0511608 0.00078247 -0.998549 -0.0538544 0.000132059 -0.998625 -0.0524143 -0.116794 0.0432651 -0.992213 -0.129931 0.0411131 -0.99067 -0.148164 0.0410023 -0.988112 0.00932208 0.99897 0.0444162 0.00558551 0.998123 0.0609846 0.00621495 0.998677 0.0510358 0.583716 0.805163 -0.104825 0.815898 0.562564 -0.133538 0.719513 0.676958 0.155015 0.000712632 -0.998005 -0.0631358 0.00438128 -0.998111 -0.061284 -0.129931 0.0411131 -0.99067 0.226848 0.0403836 -0.973092 -0.0595777 -0.041391 0.997365 -0.0297888 -0.0414462 0.998697 7.77659e-14 -0.0414646 0.99914 0.97352 0.0689254 0.217962 0.877732 0.0313892 0.478123 -0.866296 0.498642 -0.0297838 -0.662442 0.680756 0.312637 -0.626098 0.748443 0.218711 -6.85617e-05 0.998529 0.0542261 9.26697e-05 0.998412 0.0563321 -0.000551335 0.998529 0.054222 0.00163003 0.998477 0.055137 0.00168941 0.9985 0.0547258 0.848806 0.0994958 -0.519259 0.869105 0.079162 -0.488253 -0.863193 -0.503044 0.0429505 -0.981555 -0.177826 0.0701949 -0.860519 -0.403683 -0.310719 0.0818541 -0.0538973 0.995186 0.0818541 -0.0538973 0.995186 0.0818541 -0.0538973 0.995186 0.000861987 0.997926 0.0643693 -0.000712632 0.998005 0.0631358 0.000835183 0.997813 0.0660929 -0.00438128 0.998111 0.061284 0.626098 -0.748443 -0.218711 0.341096 0.939743 0.0231481 -0.62551 0.732415 -0.268897 -0.341096 0.936747 0.0784788 0.749739 0.533965 -0.390861 0.877098 0.237985 -0.417209 -0.993112 -0.0888289 0.0764098 -0.993111 -0.0888158 0.0764361 -0.993111 -0.0888158 0.0764361 -0.000199454 0.99869 0.0511608 -0.000132059 0.998625 0.0524143 0.0818541 -0.0538973 0.995186 0.0818541 -0.0538973 0.995186 0.0818541 -0.0538973 0.995186 0.887744 0.0190877 -0.459941 0.887744 0.0190877 -0.459941 0.453697 0.0369515 -0.89039 -3.07605e-05 0.998553 0.0537681 0.993366 -0.050085 0.103513 0.678463 0.406565 -0.611876 0.959486 0.265845 0.0933412 0.106618 -0.0508957 0.992997 0.179644 -0.0503312 0.982443 0.160741 -0.0509156 0.985682 -0.625511 -0.69909 -0.346424 0.00192635 0.998648 0.0519419 0.00322932 0.998623 0.05236 0.0419772 -0.103092 0.993786 0.0727096 -0.0727632 0.994695 0.083797 -0.0538675 0.995026 -0.293388 0.0488743 -0.954743 2.00654e-05 -0.998507 -0.0546208 0.343119 0.87584 -0.339372 -0.000139476 -0.998402 -0.0565031 -0.00119778 -0.998475 -0.055189 0.985617 -0.00700728 0.168849 0.765004 -0.0267043 0.643472 0.902939 -0.0178202 0.4294 0.125404 0.991584 0.0321655 0.142129 0.940747 0.307887 0.453194 0.874551 0.172555 -0.00322932 -0.998623 -0.05236 -0.00168941 -0.9985 -0.0547258 -0.330573 0.0482369 -0.942547 -0.719591 -0.00450531 -0.694384 -0.537284 0.0148934 -0.84327 0.392226 -0.0389437 0.919044 0.426064 -0.0571156 0.902888 0.878652 -0.0727027 0.471895 0.121448 -0.0580014 0.990902 0.160741 -0.0509156 0.985682 -0.00868037 0.998906 0.0459594 -0.00457636 0.998539 0.0538378 0.98965 -0.110795 -0.0912002 0.982954 -0.0844424 0.163312 -0.673039 -0.0419028 -0.738419 0.981555 0.177826 -0.0701949 0.895925 -0.0840724 -0.436176 -0.614421 -0.762324 0.203343 -0.877098 -0.237985 0.417209 0.00868037 -0.998906 -0.0459594 0.00457636 -0.998539 -0.0538378 0.869923 -0.437498 0.227661 0.814548 -0.533841 0.226992 0.944529 -0.231794 0.232672 -0.54514 -0.1223 0.829376 -0.597657 -0.081004 0.797649 -0.275504 -0.070562 0.958707 -6.49019e-15 -0.998041 -0.0625562 -0.981624 0.168812 0.0889799 -0.953626 -0.0929175 -0.286292 -0.00932208 -0.99897 -0.0444162 -1.64653e-06 -0.99914 -0.0414652 -0.00621495 -0.998677 -0.0510358 0.890652 -0.443504 -0.100221 0.969382 -0.226247 -0.095446 -0.895925 0.0840724 0.436176 -1.53286e-06 -0.99914 -0.0414638 -0.817357 -0.444987 0.365943 -0.580245 -0.744265 0.330734 -0.761983 -0.540838 0.356197 0.343119 -0.834066 -0.431977 0.00177955 0.99874 0.0501466 -0.0833543 0.057621 -0.994853 0.00227718 0.998415 0.0562322 0.00247839 0.997524 0.0702879 0.00247839 0.997524 0.0702879 0.00247839 0.997524 0.0702879 0.872215 -0.410742 0.26558 0.0288233 0.0512094 -0.998272 0.0288233 0.0512094 -0.998272 -0.0334106 0.0511823 -0.99813 -0.834316 0.483214 -0.265368 -0.951961 0.0153828 -0.305834 -0.951961 0.0153828 -0.305834 -0.762181 0.0329169 -0.646526 0.671322 -0.642412 0.36964 0.471855 -0.476362 0.741911 0.702477 -0.498734 0.507731 -0.341096 -0.939743 -0.0231481 -0.934539 0.231483 -0.270281 -0.875423 -0.481123 0.0464281 -0.875423 -0.481123 0.0464281 -0.87522 -0.48167 0.0445445 0.296475 0.889913 0.346638 0.589479 0.743978 0.31466 0.400553 0.852425 0.336048 -0.943672 -0.0172479 0.330432 0.0263212 -0.962774 0.269025 -0.0607278 0.0617191 -0.996244 1.53286e-06 0.99914 0.0414638 -0.292599 -0.876359 -0.382597 0.200221 -0.979666 0.0128637 0.460272 -0.0358309 0.887054 0.0529457 -0.0439115 0.997631 0.0213352 -0.0414527 0.998913 -0.348015 0.849079 0.397429 -0.0291136 0.926409 0.37539 -0.243942 0.887497 0.39095 0.381126 0.0124148 -0.92444 -0.0869675 0.0588606 -0.994471 0.122417 0.0406379 -0.991646 1.64652e-06 0.99914 0.0414652 0.0816415 0.926905 0.366309 -0.87597 0.472528 0.0969212 -0.87597 0.472528 0.0969212 -0.876401 0.472053 0.0953247 0.479243 -0.806121 0.347124 -0.00227718 -0.998415 -0.0562322 -0.00227718 -0.998415 -0.0562322 -0.00227718 -0.998415 -0.0562322 0.308877 -0.541465 0.781927 0.479243 -0.806121 0.347124 0.087372 -0.0639455 0.994121 0.0213352 -0.0414527 0.998913 -0.0869675 0.0588606 -0.994471 -0.0745941 0.0467887 -0.996116 -0.148164 0.0410023 -0.988112 0.571374 0.734519 -0.36608 0.626098 0.767686 -0.1366 -0.875622 -0.480574 0.0483115 -0.0415066 0.0554141 -0.9976 -0.019825 0.0512051 -0.998491 -0.0130463 0.0575248 -0.998259 -0.580245 0.704193 0.40918 -0.580245 0.704193 0.40918 -0.875536 0.473002 0.0985175 -0.0415066 0.0554141 -0.9976 -0.019825 0.0512051 -0.998491 -0.00192635 -0.998648 -0.0519419 -0.591617 -0.568626 0.571536 -0.378202 -0.390753 0.839211 -0.785754 -0.262174 0.560228 -0.191269 -0.980995 -0.0326411 -0.614421 -0.762324 0.203343 -0.194751 -0.980238 -0.0347049 -0.0530756 0.99474 0.0876068 0.289043 0.957202 -0.014798 0.674333 -0.701887 0.22941 -0.769722 0.630894 0.0974738 -0.662442 0.680756 0.312637 -0.194207 0.978699 0.0665676 0.859959 -0.498549 -0.109177 0.703144 -0.704281 -0.0978584 0.862199 -0.49591 -0.103372 0.111279 -0.0522775 0.992413 0.121448 -0.0580014 0.990902 0.127542 -0.0651519 0.989691 0.0818541 -0.0538973 0.995186 0.0818541 -0.0538973 0.995186 0.0818541 -0.0538973 0.995186 0.0954815 -0.071633 0.99285 -0.45389 -0.0316547 0.890495 -0.986384 -0.0793111 0.144069 -0.0355172 0.0596752 -0.997586 0.862905 0.50324 -0.0463191 0.640517 0.767835 -0.0129751 -0.30603 -0.0488611 0.950767 0.102261 -0.059184 0.992995 0.372743 0.91132 -0.17481 0.0920615 -0.959229 0.267216 -0.00177955 -0.99874 -0.0501466 0.475849 -0.875446 -0.0846231 0.992756 -0.0545662 0.107039 -0.00247839 -0.997524 -0.0702879 -0.00247839 -0.997524 -0.0702879 -0.00247839 -0.997524 -0.0702879 -0.981523 -0.17774 0.0708532 -0.197801 0.978121 0.0644477 -0.132474 0.119476 -0.983959 -0.0976532 0.0851509 -0.991571 0.0818541 -0.0538973 0.995186 -0.724146 -0.689287 0.0222766 0.10387 -0.994192 -0.0281589 0.288957 -0.956356 -0.0434423 -0.00813135 -0.999172 0.0398712 -0.0585007 0.996552 0.0588419 -0.863121 0.495436 0.0978 -0.019825 0.0512051 -0.998491 0.0124389 0.0516989 -0.998585 0.0289334 -0.911337 -0.410643 0.767863 0.60871 0.199647 0.710744 0.703046 -0.0238537 0.593289 0.80495 -0.00795753 0.713482 -0.694181 0.0951639 0.657121 -0.747713 -0.0954856 -0.1257 0.123428 -0.98436 -0.0677022 0.0776315 -0.994681 -0.0607278 0.0617191 -0.996244 -0.170362 0.826125 0.537117 -0.455364 0.756913 0.46875 -0.26306 0.389448 0.882683 -0.365448 -0.00871515 -0.930791 -0.473063 0.475399 -0.741759 -0.549757 -0.163439 -0.819179 -0.5035 0.754831 0.420378 -0.336379 0.932119 0.134173 -0.903668 0.371398 -0.213184 -0.774834 -0.146473 -0.614962 -0.702259 0.49825 -0.508507 -0.867004 0.406183 -0.28865 -0.662476 0.631952 -0.402195 -0.520493 -0.0608816 -0.851693 -0.00262118 0.802477 -0.596677 -0.400364 -0.312071 -0.86158 -0.604539 0.796571 -0.00281507 -0.477112 0.785124 -0.394898 -0.299385 0.95303 -0.0458537 -0.806719 0.588265 -0.0561147 -0.60478 -0.796128 -0.020519 -0.463008 -0.846596 -0.262486 -0.724638 -0.660004 -0.198226 0.117496 -0.681334 -0.722481 -0.405109 -0.0160155 -0.914128 -0.124208 -0.880005 -0.458435 -0.723371 0.0661555 -0.687283 -0.993442 0.0512068 -0.102233 -0.958375 -0.262558 -0.112163 -0.98884 0.055511 -0.138257 -0.734836 0.240919 -0.634015 -0.711796 0.22795 -0.664369 -0.893749 -0.432751 -0.118067 -0.971325 0.218915 -0.092758 -0.311107 0.949983 0.0272819 -0.836646 -0.545255 0.0521668 -0.240893 0.845949 -0.475753 -0.654931 -0.125843 -0.745137 -0.970783 -0.239709 -0.0109771 -0.822801 -0.176769 -0.54014 0.0615707 -0.907287 -0.415981 -0.305671 -0.925722 -0.222719 -0.331612 0.310062 -0.891008 -0.663034 -0.122951 -0.738423 -0.00125791 0.990781 -0.135468 0.298579 0.890165 -0.344177 0.1752 0.673767 -0.717874 0.441703 0.652037 -0.616236 0.288105 -0.566086 -0.772361 0.30112 -0.860928 -0.410035 -0.253501 0.262439 -0.931055 0.175655 -0.136109 -0.974997 0.344662 0.0289478 -0.93828 -0.663034 -0.122951 -0.738423 0.485705 -0.042294 -0.873099 -0.723371 0.0661555 -0.687283 -0.822801 -0.176769 -0.54014 -0.723371 0.0661555 -0.687283 -0.711796 0.22795 -0.664369 -0.549757 -0.163439 -0.819179 -0.520493 -0.0608816 -0.851693 -0.400364 -0.312071 -0.86158 -0.39037 -0.874773 0.287025 -0.202367 -0.979302 0.00377646 -0.365448 -0.00871515 -0.930791 0.319476 0.352456 -0.879608 -0.63326 -0.136271 -0.761847 -0.315425 -0.0672948 -0.946561 0.58825 0.726417 -0.355361 -0.734836 0.240919 -0.634015 0.13165 -0.255738 -0.95774 -0.173676 0.984794 -0.00428417 -0.405109 -0.0160155 -0.914128 -0.331612 0.310062 -0.891008 0.493901 0.18828 -0.848889 -0.723371 0.0661555 -0.687283 -0.116794 0.0432651 -0.992213 -0.10206 0.045681 -0.993729 -0.0833543 0.057621 -0.994853 0.574153 0.329625 -0.749464 -0.523667 0.0973326 -0.846345 -0.774834 -0.146473 -0.614962 -0.654931 -0.125843 -0.745137 -0.303856 0.34689 -0.887321 -0.63326 -0.136271 -0.761847 -0.303856 0.34689 -0.887321 -0.523667 0.0973326 -0.846345 -0.315425 -0.0672948 -0.946561 0.0124389 0.0516989 -0.998585 -0.253501 0.262439 -0.931055 -0.761291 0.315915 0.566245 -0.601667 -0.247706 0.759368 -0.580245 -0.744265 0.330734 -0.00227718 -0.998415 -0.0562322 -0.00227718 -0.998415 -0.0562322 -0.00227718 -0.998415 -0.0562322 -0.00247839 -0.997524 -0.0702879 -0.00247839 -0.997524 -0.0702879 -0.00247839 -0.997524 -0.0702879 -0.656442 -0.422736 0.624803 0.571373 -0.690686 -0.443266 0.160741 -0.0509156 0.985682 -0.860519 -0.403683 -0.310719 0.00247839 0.997524 0.0702879 0.00247839 0.997524 0.0702879 -0.0334106 0.0511823 -0.99813 0.00247839 0.997524 0.0702879 8.92579e-05 0.998354 0.0573527 0.0529457 -0.0439115 0.997631 0.0736819 -0.0467148 0.996187 0.0213352 -0.0414527 0.998913 0.0124389 0.0516989 -0.998585 -0.00726343 0.0455686 -0.998935 0.147955 -0.0606909 0.98713 3.2451e-15 0.998041 0.0625562 0.400578 -0.883712 0.242053 0.296504 -0.922129 0.248522 0.589493 -0.773591 0.232497 0.0818541 -0.0538973 0.995186 0.162125 -0.0504924 0.985478 -0.245845 -0.0497275 0.968033 -0.148164 0.0410023 -0.988112 0.00227718 0.998415 0.0562322 1.03688e-13 -0.0414646 0.99914 -0.762181 0.0329169 -0.646526 0.765004 -0.0267043 0.643472 3.07605e-05 -0.998553 -0.0537681 0.674327 0.673017 0.30386 -8.92579e-05 -0.998354 -0.0573527 0.162125 -0.0504924 0.985478 0.101178 -0.0457713 0.993815 0.087372 -0.0639455 0.994121 0.684149 -0.722795 -0.0975059 0.0584939 -0.996547 -0.0589242 0.395215 -0.91482 -0.0831206 0.967074 0.249417 -0.050583 0.126487 -0.584321 0.801605 0.05723 -0.440253 0.896048 0.974306 -0.221279 0.0419938 0.804141 -0.594421 -0.00461551 0.0818541 -0.0538973 0.995186 0.0818541 -0.0538973 0.995186 0.0818541 -0.0538973 0.995186 -0.0722498 0.0739889 -0.994638 0.96376 -0.122433 0.237015 -0.43188 -0.822109 0.370967 -0.481891 -0.679743 0.552929 0.0818541 -0.0538973 0.995186 0.0818541 -0.0538973 0.995186 0.0818541 -0.0538973 0.995186 0.0818541 -0.0538973 0.995186 0.592541 0.805435 -0.0129981 0.860647 0.507289 -0.0440905 0.0818541 -0.0538973 0.995186 0.0818541 -0.0538973 0.995186 0.0818541 -0.0538973 0.995186 0.0818541 -0.0538973 0.995186 -0.186092 -0.976713 0.106773 0.0381189 -0.117101 0.992388 0.814548 0.506203 0.283319 0.869923 0.410352 0.273579 0.96376 0.096119 0.248851 0.944529 0.20531 0.256345 -0.0530428 0.0457353 -0.997544 -0.0403481 0.105788 -0.99357 0.0818541 -0.0538973 0.995186 0.0818541 -0.0538973 0.995186 0.0818541 -0.0538973 0.995186 0.0818541 -0.0538973 0.995186 0.0818541 -0.0538973 0.995186 0.0818541 -0.0538973 0.995186 0.0981551 -0.0865494 0.9914 -0.310132 -0.91181 0.269111 0.479243 -0.806121 0.347124 -0.353641 0.31083 0.882226 0.890998 0.445934 0.0852383 0.0818541 -0.0538973 0.995186 0.859329 0.510022 -0.0378407 0.869923 0.410352 0.273579 0.814548 0.506203 0.283319 0.596707 -0.798587 -0.0787438 0.134297 -0.122554 0.983333 0.0818541 -0.0538973 0.995186 0.0818541 -0.0538973 0.995186 0.0818541 -0.0538973 0.995186 0.86767 -0.0396861 -0.495554 0.0818541 -0.0538973 0.995186 -0.99311 -0.0888026 0.0764623 0.0818541 -0.0538973 0.995186 0.884198 -0.0589982 -0.463372 0.0818541 -0.0538973 0.995186 </float_array>
          <technique_common>
            <accessor count="524" offset="0" source="#meshId5-normals-array" stride="3">
              <param name="X" type="float" />
              <param name="Y" type="float" />
              <param name="Z" type="float" />
            </accessor>
          </technique_common>
        </source>
        <source id="meshId5-tangents" name="meshId5-tangents">
          <float_array id="meshId5-tangents-array" count="1572"> 0.174352 0.0690431 -0.98226 0.843348 0.0317094 -0.536431 0.471856 0.0384296 -0.880838 -0.291694 -0.168264 0.941595 -0.29467 -0.424071 0.856349 0.320269 -0.584128 0.745803 0.233273 -0.968967 -0.0817747 0.238136 -0.967808 -0.0814758 0.000318217 -0.998687 -0.0512215 -0.741108 0.666044 0.0845235 -0.763749 0.638732 0.0933233 -0.685037 0.722658 0.0921386 0.998597 0.00207844 -0.0529055 0.904779 0.0274293 -0.424998 0.996482 0.00341856 -0.0837346 -0.498678 0.862795 0.0830908 -0.76388 0.639033 0.0901317 -0.755877 0.642627 0.125224 -0.22447 -0.972811 -0.0570258 -0.172961 -0.98407 -0.0411248 0.120957 -0.98928 -0.0818266 0.763697 0.6452 -0.0220004 0.63328 0.773881 -0.00808259 0.72465 0.688798 -0.0209815 -0.91701 0.391294 0.0773418 -0.996418 0.0534889 0.0655009 -0.955171 0.281829 0.0906649 -0.498326 -0.866969 -0.00601693 -0.222771 -0.974739 -0.0160383 -0.498328 -0.866968 -0.00602118 0.115297 -0.991447 -0.0611467 0.698131 -0.709127 -0.0987508 0.230414 -0.970557 -0.0702018 0.222757 -0.97077 -0.0893592 -0.122844 -0.990485 -0.0620413 0.122828 -0.991392 -0.0453299 0.000511135 0.998672 0.0515098 0.000270694 0.998644 0.0520594 0.000470232 0.998673 0.0514955 -0.695408 -0.718178 -0.0250609 -0.749143 -0.66185 0.0271883 -0.764275 -0.644276 0.0281584 0.936551 -0.339424 -0.0875385 0.997286 0.00234128 -0.0735802 0.955169 -0.281827 -0.0906924 0.937717 0.343717 -0.0504542 0.915121 0.399963 -0.0508187 0.630074 -0.773917 -0.0637103 0.498664 -0.862787 -0.083266 0.747618 -0.656416 -0.100921 -0.924085 0.0296072 -0.381039 -0.993156 -0.0048732 0.116692 -0.985537 0.0186518 -0.168432 0.997394 -0.0479403 -0.0539086 0.954651 0.295962 -0.0323702 0.997415 0.00388529 -0.0717442 0.996689 0.00230396 -0.0812692 0.996667 0.00231983 -0.0815501 0.99666 0.00232419 -0.0816273 0.993951 0.00643003 -0.109635 0.993935 0.0011563 -0.109958 0.993951 0.00621422 -0.10965 0.49832 0.866972 0.00596667 0.498322 0.866971 0.00596646 0.173069 0.984135 0.0390639 -0.456797 0.051138 -0.8881 -0.484521 0.0491516 -0.873398 -0.961343 0.0180127 -0.274762 0.99671 0.00228969 -0.0810168 -0.937228 -0.345332 0.0484728 -0.955773 -0.29077 0.0441646 -0.997415 -0.00388532 0.0717449 -0.498562 -0.866789 -0.0106096 -0.498391 -0.866888 -0.0105345 0.172971 0.984179 0.0383742 -0.173049 0.982603 0.0674253 0.173003 0.984167 0.03853 -0.684777 0.722489 0.0953419 -0.446807 0.890596 0.0848701 0.918733 -0.387112 -0.0779426 0.951477 -0.286566 -0.112127 0.996653 0.00443839 -0.081628 -0.446802 0.890592 0.0849341 -0.996522 -0.00446171 0.0832104 -0.996594 -0.00521943 0.0822969 -0.996547 -0.00448373 0.0829156 0.000243674 0.999052 0.0435346 4.59152e-08 0.99914 0.0414646 -6.30331e-07 0.99914 0.04146 -0.998064 0.00656362 0.0618507 -0.998105 0.00182786 0.0614992 -0.998095 0.00306205 0.0616256 -0.229195 0.28724 0.930034 0.0462895 0.166662 0.984927 -0.249471 0.0436314 0.967399 0.993952 0.00763991 -0.109547 0.993942 0.0110769 -0.109347 5.85675e-08 0.99914 0.0414646 -1.01834e-07 0.99914 0.0414646 -6.05985e-09 0.99914 0.0414646 1.74226e-08 0.99914 0.0414646 -4.57727e-20 0.99914 0.0414646 0.214864 0.0496405 -0.975382 0.474941 0.0749988 -0.876816 0.498562 0.866789 0.0105982 0.700888 0.710561 -0.06212 0.763881 0.645029 -0.0205864 0.996758 0.00443111 -0.080335 0.996761 0.00443773 -0.0802927 0.996762 0.00490856 -0.0802587 0.996766 0.00280781 -0.0803142 0.996819 0.00267894 -0.0796509 -0.52601 0.0598888 -0.848367 -0.493114 0.0614818 -0.86779 -0.498525 0.862697 0.08501 -0.173292 0.982646 0.0661572 -0.437104 0.898364 0.0433881 0.763474 -0.638456 -0.0973733 0.763477 -0.638453 -0.0973734 0.936537 -0.337365 -0.0953013 -0.99812 -0.00308586 0.0612067 -0.998121 -0.00457842 0.0611062 -0.998121 -0.00321782 0.0611926 -0.998111 -0.00812024 0.0608951 -0.763889 -0.645021 0.0205368 0.93723 -0.338079 -0.0854551 0.763994 0.644892 -0.0206698 0.937228 0.345332 -0.0484768 0.539893 -0.835124 -0.105274 0.221051 -0.971169 -0.0892599 0.0815927 -0.0562536 0.995077 0.0816 -0.0560393 0.995088 0.0815824 -0.0558307 0.995102 0.996836 0.00426522 -0.0793735 0.99681 0.00431435 -0.0796878 -0.498321 -0.866972 -0.00596666 -0.498323 -0.866971 -0.00596639 -0.173069 -0.984135 -0.0390639 -1.9265e-07 0.99914 0.0414643 -1.93978e-07 0.99914 0.0414643 -1.86058e-07 0.99914 0.0414645 0.996762 0.00435399 -0.0802899 -0.111285 -0.191946 0.975075 0.647725 0.0619172 0.759354 -0.0561098 -0.144363 0.987933 0.00025743 0.99869 0.0511599 -5.15704e-05 0.99869 0.0511729 4.31736e-05 0.998669 0.0515794 -0.763995 0.638886 0.0902028 0.996873 0.00218552 -0.07899 0.996839 0.000941681 -0.0794405 0.497287 -0.860549 -0.110276 0.476731 -0.873485 -0.0987443 0.290498 -0.953845 -0.0761026 0.955993 0.0153612 -0.292986 -0.9966 -0.00452032 0.0822686 0.92015 -0.385991 -0.0658447 -0.996604 -0.00451378 0.0822181 -0.996599 -0.00335517 0.0823309 6.6826e-08 0.99914 0.0414642 1.33672e-07 0.99914 0.0414645 -2.82564e-09 0.99914 0.0414646 -0.571705 0.0457296 0.819184 -0.923132 0.0137139 0.384239 -0.60146 0.157128 0.783299 -0.996521 -0.00114694 0.0833357 -0.996549 -0.00286057 0.0829566 -0.94378 -0.017328 0.330119 -0.693712 -0.0397942 0.719153 -0.84332 -0.0233461 0.536904 -0.919825 -0.0263198 0.391444 -0.904692 -0.0281164 0.425137 -0.475893 -0.053274 0.877888 -0.992595 -0.00464224 0.121384 -0.986995 -0.00638993 0.160625 -0.998094 -0.011463 0.0606324 -0.998115 -0.00785602 0.0608645 -0.115199 -0.992344 -0.0445172 -0.170074 -0.080243 0.982159 -0.737525 -0.0368264 0.674315 0.173331 -0.982671 -0.0656802 -0.124614 -0.990065 -0.0651288 -0.735963 0.646654 0.200494 -0.220802 0.971177 0.0897875 0.993933 0.0136584 -0.109134 0.993949 0.0104506 -0.109341 0.450783 0.892605 -0.00717269 0.544311 0.838665 0.0191478 0.22577 0.972761 0.0525804 0.837406 -0.0326177 0.545608 0.801489 -0.0348581 0.596993 0.961297 -0.0178295 0.274936 0.993952 0.00686984 -0.109604 0.172972 0.984062 0.0412655 -0.121006 0.989259 0.0819975 0.993883 -0.00436815 -0.110352 0.993928 0.00456083 -0.109937 0.993919 -0.000558452 -0.110108 -0.446918 -0.894474 -0.0134272 -0.230307 -0.972532 -0.0337733 0.12469 0.990045 0.0652884 0.993972 0.00454443 -0.109542 0.453793 -0.888589 -0.0669502 0.76348 -0.638461 -0.0972945 0.541308 -0.833845 -0.108108 -0.920143 -0.390859 0.0238056 0.996861 0.00219714 -0.0791349 -0.996519 -0.00338676 0.0832978 0.9967 0.00229654 -0.0811379 -0.996339 -0.00354306 0.0854146 -0.996308 -0.00356835 0.0857723 -0.996304 -0.0035719 0.0858225 -0.363147 -0.180059 0.914168 -0.000759262 0.998688 0.0512088 -0.000758864 0.998688 0.0512088 -0.000958114 0.998686 0.0512428 0.498476 0.866831 0.0112233 -0.000667747 0.998631 0.0523076 -0.00063719 0.998636 0.0522127 -0.001075 0.998641 0.0521116 -0.608671 -0.193286 0.769519 -0.860938 -0.067507 0.504211 -0.613228 -0.0620752 0.787463 -0.937229 0.338079 0.0854628 0.224457 0.972811 0.0570698 0.474409 -0.87364 -0.108114 0.476834 -0.875342 -0.0800382 0.47386 -0.87223 -0.121123 -0.954477 0.288558 0.0755442 -0.797392 0.598213 0.0794159 -0.915722 0.385147 0.114525 5.75336e-05 0.998632 0.0522908 0.996652 0.00443638 -0.0816351 0.998151 0.00102565 -0.0607804 -0.998132 -0.00253166 0.0610414 -0.954651 0.290739 0.0641341 -0.772637 -0.149808 0.616919 0.887717 0.0302235 -0.459396 0.000132819 0.999033 0.0439662 -5.69653e-08 0.99914 0.0414621 -0.918733 -0.393265 0.0356794 -0.996617 -0.0557773 0.0603574 -0.951477 -0.296999 0.0805229 0.924372 -0.0231961 0.380786 0.99621 0.0036484 -0.0869037 0.992424 -0.0154992 0.121877 -0.998107 -0.00254843 0.0614464 -0.993612 0.0469654 0.102612 -0.475405 -0.879734 -0.00765762 -0.477524 -0.877889 -0.0358006 -0.473635 -0.880696 0.00671725 -0.816398 -0.264238 0.513491 -0.996609 -0.00235905 0.082244 -0.996663 -0.00232205 0.0815894 -0.996655 -0.00232745 0.081685 -0.951047 -0.167039 0.260013 -0.823986 -0.277026 0.494271 -0.996174 -0.00368246 0.0873156 -0.999772 -0.000900331 0.0213162 -0.292732 -0.955693 -0.0309657 -0.178721 -0.983353 -0.0328056 -0.000960547 -0.999146 -0.0413161 0.764077 -0.638906 -0.0893652 0.763947 -0.639012 -0.0897093 0.477319 -0.876281 -0.0655565 0.233706 -0.970224 -0.0636171 0.0003179 -0.998687 -0.0512215 0.239766 -0.969038 -0.0589744 -0.763482 -0.645232 0.0277675 -0.76348 -0.645234 0.027773 -0.478988 -0.876467 -0.0487343 -0.999136 -8.93278e-05 0.0415655 -0.999802 0.000854199 0.0198948 -0.996496 -0.00242645 0.0836082 -0.794931 0.293211 -0.531143 -0.921842 0.076042 -0.380033 -0.599143 0.09757 -0.794675 0.975716 -0.186413 -0.115016 0.779848 -0.625889 0.0099571 0.979137 -0.192197 -0.0659625 -0.952455 -0.0767863 0.294844 -0.650567 0.207742 0.730484 0.727189 0.685205 -0.0411099 -0.629546 -0.775483 0.0479401 -0.732968 -0.675199 -0.0828521 -0.97476 -0.200152 0.0989022 -0.504835 -0.862353 -0.0385848 -0.70588 -0.707954 0.0231274 -0.501678 -0.864197 -0.0385204 -0.473638 -0.880694 0.00671647 -0.230991 -0.972535 -0.0286153 -0.471437 -0.881895 0.0026987 -0.17307 0.982597 0.0674506 -0.173064 0.982598 0.0674501 0.173062 0.984136 0.0390645 0.473563 -0.874038 -0.108603 -0.887372 -0.0747394 -0.454955 -0.138148 -0.0756899 -0.987515 0.475466 -0.876993 -0.0693895 0.498327 -0.862548 -0.0876466 0.762562 -0.637934 -0.107424 0.952015 -0.0193641 0.305437 0.994754 0.0035444 -0.102231 -0.0774248 0.218273 0.972812 -0.967333 -0.0224968 0.252509 -0.996492 -0.00242466 0.083653 -0.87586 -0.480444 0.045207 -0.115025 -0.174367 0.977939 0.996339 0.00354331 -0.0854181 0.996256 0.00361123 -0.0863791 0.996264 0.00360486 -0.0862889 -0.173067 0.982599 0.0674313 -0.974071 -0.203496 0.0988681 -0.498491 -0.866059 -0.0380462 -0.478317 -0.877732 -0.0282688 0.936539 -0.337362 -0.0953012 0.688754 -0.724474 -0.0274863 -0.976593 -0.107311 0.186416 -0.852667 -0.277729 0.442522 -0.996571 0.0113806 0.081957 0.995178 0.0628653 -0.0752854 0.498327 0.866969 0.0060198 -0.000317763 0.998687 0.0512215 -0.000636484 0.998663 0.051695 -0.997394 -0.0534859 0.0484257 0.640549 -0.734006 -0.225682 0.700915 -0.710652 -0.0607616 0.800876 -0.591227 -0.0951195 -0.69834 -0.693439 0.17738 -0.745451 -0.663405 0.0647789 -0.478986 -0.876469 -0.0487349 -0.47568 -0.878872 -0.0362162 -0.233297 -0.971319 -0.0459539 -0.982453 -0.184399 -0.0279949 -0.89002 -0.373686 -0.261196 -0.962911 -0.162897 -0.215098 -0.923671 -0.120401 0.36378 -0.855939 -0.0485014 0.514797 -0.821657 -0.0708717 0.56556 -0.850432 -0.347106 -0.395326 -0.939278 -0.321814 -0.119134 -0.285789 -0.152296 0.946113 -0.591455 -0.175481 0.787012 -0.610516 -0.0540717 0.790156 -0.377263 -0.156626 0.912765 -0.620312 -0.161824 0.767481 -0.837117 -0.16021 0.523037 -0.995173 -0.0606257 -0.0771644 -0.895493 -0.0662485 0.440118 -0.574527 -0.433571 0.694215 -0.817334 -0.231255 0.527718 -0.877537 -0.256166 0.40535 -0.333918 -0.375444 0.864604 -0.285073 0.192354 0.939007 -0.66041 0.131989 0.739214 -0.278492 0.0173531 0.960282 -0.987001 -0.160454 -0.00919922 -0.909058 -0.099541 0.404606 -0.951259 -0.0258275 0.30731 -0.686889 -0.170045 0.706589 -0.109643 -0.172991 0.978802 -0.0765016 -0.142336 0.986858 -0.145586 -0.162958 0.975833 -0.663868 -0.0640383 0.745103 -0.688965 -0.0425648 0.723543 -0.0887263 -0.087459 0.992209 -0.153107 -0.277456 0.94846 -0.944628 -0.31225 0.100889 -0.0049195 0.102716 0.994699 -0.963895 -0.151217 0.219178 -0.738152 -0.104655 0.666467 0.0120112 -0.0942297 0.995478 -0.471363 -0.318715 0.822337 -0.971877 -0.149409 0.182021 -0.7504 0.0902429 0.654795 -0.943383 -0.101072 0.315933 -0.640211 -0.418089 0.644463 -0.998797 0.00539608 0.0487401 -0.939036 0.209593 -0.272547 -0.972108 0.00290994 -0.234516 -0.884324 0.200648 -0.421558 -0.957337 -0.189137 -0.218481 -0.953489 -0.277968 -0.116584 -0.953545 -0.229735 0.194869 -0.981582 -0.0997778 -0.162913 -0.934665 -0.0823042 -0.345873 0.690636 -0.481029 -0.540031 0.810832 -0.351352 0.468085 0.638633 -0.314259 -0.702417 0.126128 -0.983495 0.129732 0.623976 0.488807 -0.60969 0.248111 0.966495 0.0657887 -0.788348 -0.222718 0.573502 -0.269721 0.958107 0.0963454 -0.79618 0.58394 0.158466 -0.90816 0.314685 -0.276077 -0.979302 0.202349 -0.00478799 -0.924602 0.118896 0.361905 -0.941594 0.0137805 -0.336468 -0.756247 -0.100321 0.64655 -0.946325 -0.0518361 0.319031 0.310944 0.202472 0.928611 -0.245462 0.776956 0.57973 -0.989548 -0.0912655 -0.111652 -0.872498 -0.151851 0.464422 -0.906947 -0.119246 0.404015 -0.860146 -0.487325 0.150542 -0.862192 -0.0204182 -0.506169 0.626813 0.480351 -0.613489 0.00433592 -0.999019 -0.0440723 0.180463 -0.98152 -0.063654 0.2946 -0.95228 -0.0798384 -0.817429 0.178832 -0.547567 -0.832367 -0.270095 0.483956 -0.378669 -0.671418 0.637031 -0.742856 0.288152 0.604262 -0.950327 -0.176306 0.256507 0.341661 0.834041 -0.433179 -0.56189 -0.817384 -0.127133 0.832697 -0.151386 -0.532632 0.78706 0.538696 -0.300572 0.999921 -0.00255734 0.0123232 0.249312 -0.912253 -0.32502 -0.648296 -0.3545 -0.673826 -0.787086 0.0220059 -0.61645 0.763481 -0.63846 -0.0972896 -0.996704 -0.00229366 0.0810869 -0.996692 -0.0023026 0.0812451 -0.996717 -0.002285 0.0809336 0.996186 0.00366729 -0.0871722 0.996209 0.00364925 -0.086917 0.99617 0.00368054 -0.0873596 -0.739845 0.198983 -0.642678 -0.764077 -0.64482 0.0198414 -0.00382149 -0.998693 -0.0509645 -0.465667 0.870651 0.158496 -0.996286 -0.00358692 0.0860351 -0.996267 -0.00360182 0.0862459 -0.00127083 0.998685 0.0512533 -0.996277 -0.00359377 0.086132 0.996769 0.00451754 -0.0801893 0.0043956 -0.999013 -0.0442056 -0.178029 -0.983473 -0.0329509 -0.000987364 -0.999141 -0.041441 -0.00281305 -0.998657 -0.0517377 -0.240058 -0.969828 -0.0424953 -0.238641 -0.970813 -0.0239194 -0.99812 -0.00383352 0.0611612 0.915711 0.395279 -0.0723019 0.95447 0.295047 -0.0439916 0.797385 0.603299 -0.0143898 -0.173062 -0.984136 -0.0390645 -0.000317902 0.998687 0.0512215 -0.969303 0.0160555 -0.245343 0.988963 0.0061589 -0.148036 0.996623 0.0023499 -0.0820822 -6.10302e-20 0.99914 0.0414646 -0.000935855 0.998649 0.0519481 -2.92111e-07 0.99914 0.041465 -0.996593 -0.00446534 0.0823579 -0.727192 0.676759 0.11484 -0.9966 -0.00463635 0.0822571 0.986768 0.00642736 -0.162008 0.181291 -0.981367 -0.0636548 -0.297607 -0.954039 -0.035211 -0.723465 -0.689482 0.0348301 -0.995183 -0.062862 0.0752294 -0.915131 -0.399956 0.0506968 0.0695658 -0.0678856 0.995265 -0.983025 -0.182105 0.0223695 -0.987004 -0.159943 -0.015545 -0.106811 -0.289797 0.951109 -0.292457 -0.402376 0.867504 -0.76347 0.638461 0.0973732 -0.763475 0.638455 0.0973733 -0.640629 0.762079 0.0939645 0.481146 -0.870949 -0.0997379 0.119828 0.992469 0.0254232 -0.863095 0.257315 -0.434575 -0.860922 0.249858 -0.443152 0.173069 -0.982597 -0.0674505 0.17306 -0.982599 -0.0674498 0.498323 -0.862544 -0.0877008 -0.34087 0.936805 0.0787721 0.80112 -0.590901 -0.0950887 0.500412 -0.858633 -0.111071 -0.936539 -0.34568 0.058309 -0.936539 -0.345679 0.0583091 -0.996644 -0.00442723 0.0817343 0.498321 -0.862545 -0.0877008 -0.968109 0.163723 -0.189632 0.47386 -0.87223 -0.121124 -0.554811 0.822432 0.125662 -0.461404 0.87308 0.157602 -0.119818 0.989414 0.0818746 -0.22576 0.972754 0.0527453 0.477318 -0.876282 -0.0655563 0.503555 -0.856716 -0.111666 0.763476 0.645236 -0.0278512 0.763477 0.645235 -0.0278513 0.936539 0.34568 -0.058309 -0.340869 0.936805 0.0787721 0.996644 0.00442796 -0.0817342 0.996644 0.00442918 -0.0817342 -0.482901 -0.875208 -0.0285954 -0.937185 0.245673 -0.247646 -0.79749 -0.234791 0.555772 -0.934833 -0.149749 -0.321968 -0.0589252 -0.072573 0.995621 -0.763472 -0.64524 0.0278507 0.503559 -0.856721 -0.111612 -0.4387 0.897291 0.0490918 -0.532047 0.846541 0.0171412 -0.521586 -0.46055 0.718221 -0.504831 -0.862358 -0.0385302 -0.996644 -0.00442767 0.0817342 -0.93654 0.337359 0.0953011 0.93654 0.345677 -0.0583093 0.49298 -0.0600048 0.867969 -0.763472 -0.64524 0.0278507 0.0815912 -0.0556349 0.995112 -0.93654 0.337357 0.0953011 0.459867 -0.0640968 0.885671 -0.640629 0.762079 0.0939645 </float_array>
          <technique_common>
            <accessor count="524" offset="0" source="#meshId5-tangents-array" stride="3">
              <param name="X" type="float" />
              <param name="Y" type="float" />
              <param name="Z" type="float" />
            </accessor>
          </technique_common>
        </source>
        <source id="meshId5-bitangents" name="meshId5-bitangents">
          <float_array id="meshId5-bitangents-array" count="1572"> -0.0856166 -0.992698 -0.0849739 -0.0124578 -0.996835 -0.0785103 -0.056899 -0.99564 -0.0739184 -0.315676 -0.912315 -0.260824 -0.879998 -0.228922 -0.416172 -0.771828 -0.617373 -0.152094 0.967019 0.240001 -0.0852813 0.958869 0.247618 -0.138763 0.98677 0.00861789 -0.161896 -0.168883 -0.0630924 -0.983615 -0.0789091 0.0511063 -0.995571 -0.0796083 0.0514615 -0.995497 0.00024964 0.999033 0.04396 -0.0166126 0.999437 0.029137 0.00110902 0.998542 0.0539645 -0.0788558 0.0503049 -0.995616 -0.156485 -0.0479151 -0.986517 -0.226135 -0.0767617 -0.971067 0.276133 -0.00737711 -0.961091 -0.0806201 0.0557591 -0.995184 0.27562 0.112661 -0.954642 -0.154478 0.149548 -0.976612 -0.0805324 0.0555068 -0.995205 -0.0810181 0.0549202 -0.995198 -0.134762 -0.121443 -0.983408 -0.0719545 -0.129317 -0.988989 -0.0789426 0.0526979 -0.995485 0.355193 -0.210483 0.910788 0.393416 -0.104941 0.913352 0.35519 -0.210487 0.910788 -0.0853654 0.0514399 -0.995021 -0.0863416 0.0535335 -0.994826 -0.0848926 0.051819 -0.995042 0.393423 0.00565153 0.91934 0.393237 -0.105978 0.913309 0.393242 0.00668176 0.919411 -0.944394 0.0174194 -0.328356 -0.574278 0.0427743 -0.817542 -0.944394 0.0173761 -0.328358 0.0857414 -0.0482972 -0.995146 -0.0835261 0.0536664 -0.995059 0.0353716 -0.0854777 -0.995712 -0.0110327 0.221064 -0.975197 -0.0720719 0.234777 -0.969374 -0.0790606 0.0523985 -0.995492 -0.134886 0.22639 -0.964652 -0.0794315 0.0552783 -0.995306 0.115729 0.174713 -0.977794 -0.0789436 0.0504568 -0.995601 0.0536442 0.211149 -0.975981 0.00350577 0.99761 0.0690133 0.000213449 0.999052 0.0435382 0.0113772 0.998964 0.0440525 -0.0660851 -0.30745 -0.949267 0.0550207 -0.282228 -0.957768 -0.0718493 0.053939 -0.995956 -0.08127 0.0562312 -0.995105 -0.0815513 0.0562305 -0.995082 -0.0816286 0.0562303 -0.995075 0.10982 -0.0657846 0.991772 0.109823 -0.0612289 0.992063 0.109823 -0.0640744 0.991884 -0.86312 0.495433 0.0978234 -0.863119 0.495435 0.0978234 -0.981502 0.169039 0.0898834 -0.0835736 -0.996398 -0.0143876 -0.0627358 -0.997802 -0.0213496 -0.0099625 -0.99948 -0.0306662 -0.0810171 0.0562317 -0.995125 -0.072508 0.0570187 -0.995737 -0.0108768 -0.115117 -0.993292 -0.07185 0.053939 -0.995956 0.0311067 -0.00565805 -0.9995 -0.382447 0.230749 -0.894701 -0.0817294 0.0531694 -0.995235 -0.0816578 0.0539089 -0.995201 -0.081755 0.0533343 -0.995224 -0.0818125 0.053787 -0.995195 -0.0817182 0.0538408 -0.9952 0.186589 0.251622 0.949669 0.187575 0.251254 0.949572 0.0773952 0.270273 0.959668 -0.081747 0.0538981 -0.995195 -0.0833297 0.0509663 -0.995218 -0.0824585 0.0536065 -0.995152 -0.0830366 0.0522223 -0.995177 0.993156 0.00484279 -0.116693 0.991523 0.00538748 -0.129819 0.988963 0.00614351 -0.148037 0.0614954 -0.0449068 0.997097 0.0612723 -0.0612126 0.996242 0.0613878 -0.0513215 0.996794 0.778939 -0.51885 0.352206 0.57634 -0.809781 0.109938 0.648125 -0.734727 0.200275 0.109811 -0.0626759 0.991974 0.109819 -0.0604336 0.992113 0.991523 0.00538746 -0.129819 0.97393 -0.00940608 0.226653 -0.998224 0.00247036 -0.0595265 -0.999556 0.0012352 -0.0297632 -1 -3.22458e-15 7.7699e-14 -0.0780483 0.996386 0.0335164 -0.0633811 0.996689 0.0509209 0.031101 -0.00566786 -0.9995 -0.264436 0.177973 -0.947839 -0.156483 0.15418 -0.975572 -0.0804571 0.0540448 -0.995292 -0.0804152 0.0561571 -0.995178 -0.0804068 0.0540022 -0.995298 -0.0803468 0.0550896 -0.995243 -0.0796781 0.0546863 -0.99532 -0.0533112 0.993234 0.10317 -0.0386773 0.994964 0.09247 -0.079817 0.0519681 -0.995454 -0.0807412 0.0527727 -0.995337 0.261624 0.173153 -0.949511 0.640631 0.767769 -0.011111 0.640627 0.767772 -0.0111106 0.340878 0.93983 0.0228622 0.0612783 -0.064301 0.996047 0.0612733 -0.0629736 0.996133 0.0612714 -0.0660198 0.995935 0.0612777 -0.0609014 0.996261 -0.156444 0.154213 -0.975574 -0.07248 0.0508435 -0.996073 0.15827 -0.218365 -0.962947 -0.0725118 0.0570173 -0.995736 -0.38263 -0.132095 -0.91441 -0.426423 -0.0139348 -0.904417 -0.0840933 0.994457 0.0631139 -0.0840961 0.99447 0.0629006 -0.0841132 0.994482 0.0626919 -0.0794878 0.0509831 -0.995531 -0.0798044 0.0522366 -0.995441 0.86312 -0.495433 -0.0978234 0.863119 -0.495436 -0.0978234 0.981502 -0.169038 -0.0898834 0.460337 -0.0368096 0.886981 0.460337 -0.0368096 0.886981 0.891156 -0.0188122 0.453307 -0.0804079 0.0535915 -0.99532 -0.0289677 -0.980127 -0.196247 0.346612 -0.911521 -0.221334 0.276112 -0.953145 -0.123598 -0.9943 -0.00519894 0.106492 -0.983732 -0.00924359 0.179406 -0.986997 -0.00824836 0.160529 0.158265 0.321089 -0.933731 -0.0789968 0.0519316 -0.995521 -0.0793804 0.052451 -0.995464 0.86657 0.498826 0.0151429 0.876037 0.481382 -0.0288223 0.953199 0.29543 -0.0642809 0.00034653 -0.998687 -0.0512303 -0.0823927 0.0544334 -0.995112 -0.188664 -0.28968 -0.938345 -0.0823418 0.0563227 -0.995011 -0.0823905 0.0550999 -0.995076 -0.168994 -0.0408678 0.984769 -0.644026 -0.0317204 0.764346 -0.429769 -0.03744 0.902162 0.810819 -0.121118 0.572628 0.357249 -0.338832 0.870383 0.657922 -0.458771 0.597217 -0.083281 0.0524469 -0.995145 -0.0829887 0.0546771 -0.995049 -0.0004085 0.998686 0.0512532 -0.0308724 0.999198 0.0255101 -0.0116908 0.999617 0.0251034 0.00894483 -0.998895 -0.0461447 0.00110402 -0.997972 -0.0636515 -0.0386852 -0.99593 -0.081408 -0.00244044 -0.998306 -0.0581357 -0.00187987 -0.998682 -0.0512806 0.0610929 -0.0453455 0.997101 0.0611986 -0.0534578 0.996693 -0.0855697 0.0545626 -0.994837 -0.0698311 -0.993192 -0.0932366 -0.055449 0.998443 -0.00611871 -0.0806581 0.0523018 -0.995369 -0.426367 0.112704 -0.897501 -0.284334 -0.0264651 -0.95836 -0.426552 -0.0133682 -0.904365 0.109643 -0.0447332 0.992964 0.109744 -0.0530117 0.992545 -0.200073 0.108865 0.973714 -0.200592 0.107958 0.973708 -0.238522 0.00286672 0.971133 -0.0396753 0.991957 0.120196 -0.0205544 0.996104 0.085757 -0.00230676 0.997348 0.0727431 0.109819 -0.0621779 0.992005 -0.0805956 0.0558982 -0.995178 0.275598 0.112838 -0.954627 0.110044 -0.0451732 0.9929 0.110031 -0.0412136 0.993073 0.109934 -0.0514098 0.992608 -0.0836898 0.0567494 -0.994875 -0.0851832 0.0547212 -0.994862 -0.426345 0.11288 -0.89749 0.109637 -0.041214 0.993117 0.354964 0.11134 0.928226 0.283573 0.196054 0.938695 0.355483 0.110436 0.928136 -0.188697 0.389313 -0.90157 -0.0791454 0.05013 -0.995602 0.00143037 0.998333 0.0577027 -0.0811385 0.0562315 -0.995115 0.0854521 -0.0702423 0.993863 0.0858107 -0.070241 0.993832 0.0858611 -0.0702408 0.993828 -0.327667 -0.893795 -0.30621 0.999584 -0.000718053 0.0288243 0.999584 -0.000718452 0.0288243 0.999441 0.00266838 -0.0333177 0.235453 -0.122916 -0.964082 0.306219 0.049999 -0.950647 0.30622 0.0498993 -0.950652 0.647363 0.0404135 -0.76111 -0.422902 -0.741584 -0.520775 -0.190103 -0.876654 -0.441972 -0.361217 -0.864529 -0.349444 -0.0724872 0.0508462 -0.996072 0.276143 -0.00733252 -0.961089 0.0925778 -0.0726199 0.993054 0.0791487 -0.0479288 0.99571 0.0971946 -0.0849017 0.991637 -0.0327975 -0.353255 0.934952 -0.12915 -0.297721 0.945876 -0.0318037 -0.3536 0.934856 -0.330882 0.0493644 -0.94238 0.0774026 0.270273 0.959667 -0.00272951 -0.998093 -0.0616672 0.0610939 -0.0413865 0.997274 0.0550316 0.384012 -0.921687 -0.602448 -0.133459 -0.786921 -0.0103493 0.998901 0.0457188 -0.998597 -0.00219532 0.0529003 -0.999772 -0.00088466 0.0213169 0.186589 -0.352714 0.916939 0.0768539 -0.372363 0.924899 0.187576 -0.352337 0.916883 -0.0167161 -0.999654 -0.0203165 -0.00148698 -0.99826 -0.0589548 -0.0104169 -0.999054 -0.0422274 0.0614992 -0.0413868 0.997249 0.0779073 -0.372346 0.924818 0.0816464 -0.0527847 0.995263 0.0681693 -0.0776425 0.994648 0.0871229 -0.0392621 0.995424 -0.322212 -0.529478 -0.78475 -0.0822463 0.0562289 -0.995025 -0.0815907 0.0562304 -0.995078 -0.0816864 0.0562302 -0.995071 -0.0101758 -0.823962 -0.566554 -0.30228 -0.522901 -0.796995 -0.00192262 -0.997947 -0.0640226 1.57373e-05 -0.99914 -0.0414624 -0.952231 0.28842 0.100345 -0.981068 0.17558 0.0817144 -0.988962 -0.00517244 0.148077 -0.299531 -0.228652 -0.926283 -0.156158 -0.0481887 -0.986556 0.0738392 -0.0343427 0.996679 -0.971421 -0.235785 0.0273201 -0.999803 -0.00133289 0.0197827 -0.970743 -0.240117 -0.00115008 0.28357 -0.296289 0.912031 0.283574 -0.296285 0.912031 0.063296 -0.0898574 0.993941 0.0022142 0.998464 0.0553699 0.00187163 0.998688 0.051178 -0.0836213 0.0519209 -0.995144 0.134441 -0.768565 -0.625487 0.0846838 -0.917349 -0.388971 0.153681 -0.960075 -0.233745 0.106746 -0.0538475 0.992827 0.11968 0.164694 0.979057 0.0579888 -0.0468272 0.997218 0.30002 -0.0677925 0.951521 0.702294 -0.201514 0.68277 -0.128339 0.194547 0.972461 0.105834 -0.0244637 0.994083 0.15469 -0.284038 0.946252 0.110119 -0.0456799 0.992868 -0.0749123 0.0882975 -0.993273 -0.0855674 0.0528143 -0.994932 -0.0702314 0.0850719 -0.993896 0.873661 -0.470792 -0.122763 0.965346 -0.225414 -0.13151 0.872628 -0.466922 -0.143194 -0.981502 -0.177758 0.0711016 -0.981503 -0.177751 0.071102 -0.981504 0.169032 0.0898831 0.875569 0.480547 -0.0495317 0.0809566 -0.996701 0.00583395 0.0892255 -0.993972 0.0637026 -0.879017 -0.476783 0.00277483 -0.0840597 0.0525486 -0.995074 -0.0907612 0.0589126 -0.994129 0.00348674 0.998618 0.0524426 0.00253084 0.998241 0.0592359 0.924699 -0.349074 0.151918 -0.236202 -0.281734 -0.929965 -0.0836693 0.0501195 -0.995232 -0.0802329 0.0526062 -0.995387 -0.0346985 -0.983168 -0.179381 0.0854556 -0.0702423 0.993863 0.086419 -0.0702388 0.99378 0.0863286 -0.0702391 0.993788 -0.0816055 0.053923 -0.995205 0.10982 -0.0432204 0.993011 -0.856713 0.485455 0.174288 -0.872741 0.471525 0.126443 0.340874 0.939831 0.0228625 0.0350848 -0.00456106 0.999374 -0.188355 0.00813677 -0.982067 -0.435273 -0.0908279 -0.895705 -0.0823428 -0.0390681 -0.995838 -0.0787249 0.054154 -0.995424 -0.0818071 0.0539322 -0.995188 0.999803 0.00133275 -0.0197827 0.999922 -7.4475e-06 0.0124552 -0.0660958 0.408171 -0.910509 0.00916749 0.301177 -0.953524 -0.0596699 0.0264666 -0.997867 -0.0812712 0.0500604 -0.995434 -0.0571434 -0.193014 -0.979531 -0.111782 0.0286122 -0.993321 -0.868776 0.465369 0.169292 -0.877009 0.470698 0.0964294 -0.970507 0.22963 0.0733849 0.0759163 -0.532461 0.843043 -0.0225375 -0.536136 0.84383 0.0600173 -0.906529 0.417855 -0.115238 0.992687 0.0359503 0.208758 0.878432 0.429857 -0.150491 0.984004 -0.0953284 -0.152489 -0.55655 0.8167 -0.0678687 -0.1661 0.983771 0.318917 0.915898 0.243766 -0.22319 0.973526 0.0493364 0.366199 0.865345 0.342162 0.32554 0.900269 0.289033 0.419927 0.757924 0.499212 -0.168293 0.985204 0.032423 -0.0980966 0.593595 0.798763 -0.194426 0.947746 -0.252934 0.551771 0.421297 0.719762 0.323002 0.574544 0.752043 0.374564 0.161594 0.913011 0.487549 0.71623 0.49931 -0.743623 0.573742 -0.343286 -0.59117 0.51561 -0.620213 -0.63035 0.751062 -0.196381 -0.109657 0.71417 -0.691329 -0.0974732 0.994905 0.0257659 -0.282275 0.474261 -0.833905 -0.0701245 0.983213 0.168447 0.0324359 0.983591 0.177471 -0.275073 0.95436 0.116325 0.0316394 0.98507 0.169221 0.138908 0.96843 0.206996 0.136653 0.972742 0.187347 -0.439706 0.897261 0.0397699 0.181896 0.935465 0.303017 0.104362 0.005616 0.994524 -0.547723 0.831954 -0.0886189 0.113471 0.511375 0.851833 -0.161852 0.986514 -0.0243491 -0.239659 0.966261 0.0943558 -0.317514 0.931221 0.178916 -0.227296 0.393075 -0.89097 -0.586059 0.36728 -0.722246 0.00790314 0.945329 0.326024 -0.387964 0.900047 0.198493 0.0490218 0.135366 0.989582 -0.170474 0.404571 0.898477 -0.15592 0.738938 0.655484 -0.151225 0.731155 0.665239 -0.0224029 0.802355 -0.596426 -0.013606 0.42607 -0.904588 -0.162755 0.937202 0.308485 -0.0751091 0.985657 -0.151129 -0.0872367 0.996187 -0.0013107 -0.288805 -0.86804 0.403853 -0.326562 -0.935288 -0.13636 -0.262453 -0.94703 0.185077 -0.554157 0.0386164 0.831516 0.295614 -0.86988 -0.394868 0.657106 -0.118009 -0.744504 -0.276178 0.961085 -0.00640595 0.810147 0.279866 -0.515109 0.453659 0.749417 -0.482253 0.151182 -0.368437 -0.917278 0.00392473 -0.00466722 -0.999981 0.107513 0.992869 -0.0515084 -0.106469 0.935727 0.336273 -0.164536 0.985579 -0.039525 -0.0705352 0.996386 -0.0473324 0.746509 -0.656752 -0.106771 0.63227 0.581633 -0.511799 -0.058855 0.962429 -0.265079 0.456709 0.0843967 0.885604 -0.115477 0.992736 0.0337825 -0.387533 0.816319 0.428301 -0.112634 0.981903 0.152249 0.289551 -0.874578 -0.388939 -0.993147 -0.00944952 0.116491 -0.978272 -0.185828 0.0919298 -0.951978 -0.299739 0.0624015 -0.0464635 0.92702 0.372122 -0.181489 0.957901 0.222456 -0.506204 0.72646 0.464773 0.138671 0.94928 -0.282203 -0.0674604 0.921186 0.38323 0.694442 -0.534608 -0.481607 -0.769383 0.459947 0.443281 -0.179967 -0.983671 -0.00177272 0.530136 -0.839808 -0.116953 -0.00191663 -0.998659 -0.0517267 -0.934656 -0.314516 0.165828 -0.0121384 -0.880072 0.474685 0.135988 -0.968585 -0.208206 0.28357 0.196057 0.938696 -0.0810874 0.0562316 -0.99512 -0.0812458 0.0562312 -0.995107 -0.0809339 0.0562319 -0.995132 0.0872141 -0.0702359 0.99371 0.0869583 -0.0702368 0.993733 0.0874019 -0.0702352 0.993694 0.147358 -0.884138 -0.44338 -0.299531 0.327353 -0.89617 0.986989 0.00442531 -0.160725 0.206546 0.28108 -0.937194 0.0860742 -0.07024 0.99381 0.0862855 -0.0702393 0.993791 0.999441 0.00298086 -0.0333017 0.0861713 -0.0702397 0.993801 -0.0803164 0.0571746 -0.995128 0.998588 0.00672569 -0.0527004 0.981263 -0.174922 -0.0807808 0.999772 -0.000102137 -0.0213578 -0.999919 0.00345263 -0.0122768 -0.970731 0.239494 0.0179834 0.959771 -0.232031 -0.15812 0.0612812 -0.0624387 0.996166 -0.0317844 0.250613 0.967565 -0.0327597 0.250251 0.967627 -0.129133 0.193872 0.972491 0.981504 -0.169031 -0.0898831 -0.98677 -0.00861758 0.161896 -0.00334196 -0.998634 -0.0521482 1.58651e-05 -0.99914 -0.0414623 -0.0820843 0.0562293 -0.995038 -1 -4.29944e-15 1.03599e-13 0.647363 0.0401989 -0.761121 -0.644026 -0.031721 0.764346 -0.0824788 0.0535823 -0.995151 -0.128351 -0.298404 0.94577 -0.0823876 0.0571651 -0.994959 0.00184616 0.998704 0.0508663 0.978211 0.186611 -0.090995 0.950682 -0.292781 -0.102387 -0.0924036 0.0467132 -0.994625 -0.0786738 0.0542399 -0.995424 -0.079623 0.0560301 -0.995249 0.244803 -0.966014 -0.0830013 0.132905 -0.790826 -0.597436 0.15016 -0.883513 -0.443685 -0.198291 -0.931157 -0.305986 -0.517519 -0.696245 -0.49741 -0.640635 -0.767765 0.0111116 -0.64063 -0.76777 0.0111109 -0.763475 -0.645237 0.0278511 -0.873658 -0.485772 0.0273264 -0.238343 0.0038991 0.971173 0.261813 -0.507864 -0.820687 0.163075 -0.68958 -0.70561 0.981503 0.177757 -0.0711017 0.981504 0.177748 -0.0711023 0.863119 0.503103 -0.0437445 -0.93654 -0.345677 0.0583093 -0.0842684 0.0459309 -0.995384 -0.0942027 0.0735297 -0.992834 0.340873 -0.936803 -0.0787723 0.340872 -0.936804 -0.0787722 6.59842e-07 -0.998537 -0.0540789 0.86312 0.503101 -0.0437447 0.167735 -0.138657 -0.976032 0.879775 0.47487 0.0222409 -0.1694 -0.259546 0.950757 -0.174184 -0.263332 0.94885 -0.238347 -0.108724 0.965075 -0.238531 -0.107692 0.965145 -0.877128 -0.479623 0.0246502 -0.86302 -0.504823 -0.0187033 -0.640628 0.76208 0.0939645 -0.640627 0.762081 0.0939645 -0.340873 0.936803 0.0787723 -0.93654 -0.345676 0.0583093 -1.38627e-06 0.998537 0.0540789 -2.59979e-06 0.998537 0.054079 0.870156 -0.475941 -0.127701 0.159693 -0.329009 -0.930726 -0.366518 -0.543178 -0.755396 0.0320353 -0.938595 0.343531 0.450167 -0.892119 -0.0383856 0.640633 -0.762076 -0.0939647 -0.0893435 0.0768565 -0.993031 -0.225335 -0.162725 0.960596 -0.231164 -0.164701 0.958872 -0.609827 -0.387496 -0.691345 0.852707 -0.491243 -0.177682 1.0957e-06 -0.998537 -0.0540789 -0.340871 -0.939832 -0.0228628 -0.34087 0.936804 0.0787721 -0.0641819 -0.997409 -0.0324999 0.640633 -0.762076 -0.0939646 -0.0841146 0.994494 0.0624971 -0.34087 -0.939833 -0.022863 -0.0819536 -0.996198 -0.0295429 -0.763475 -0.645236 0.0278511 </float_array>
          <technique_common>
            <accessor count="524" offset="0" source="#meshId5-bitangents-array" stride="3">
              <param name="X" type="float" />
              <param name="Y" type="float" />
              <param name="Z" type="float" />
            </accessor>
          </technique_common>
        </source>
        <source id="meshId5-tex0" name="meshId5-tex0">
          <float_array id="meshId5-tex0-array" count="1048"> 0.550137 0.534759 0.556292 0.534759 0.550253 0.544209 0.0791215 0.602991 0.0979909 0.654912 0.0352516 0.620047 0.25106 0.47444 0.252128 0.48594 0.242742 0.47444 0.957634 0.696995 0.957528 0.67317 0.99 0.685081 0.543838 0.507136 0.552723 0.507136 0.544114 0.519319 0.99 0.705128 0.957682 0.705008 0.99 0.696995 0.765004 0.696995 0.764879 0.705027 0.733108 0.696995 0.5368 0.696995 0.504687 0.685087 0.537174 0.67317 0.925241 0.696995 0.892858 0.696995 0.925122 0.67317 0.795485 0.666688 0.762448 0.666688 0.79542 0.65 0.729966 0.679737 0.699102 0.679737 0.73018 0.67317 0.730469 0.65 0.762654 0.65 0.730334 0.666688 0.37244 0.599462 0.372464 0.606812 0.353569 0.599445 0.795767 0.696995 0.795767 0.679737 0.82802 0.696995 0.634183 0.696995 0.601749 0.696995 0.634251 0.67317 0.569313 0.696995 0.569521 0.67317 0.699102 0.696995 0.699221 0.705024 0.666696 0.696995 0.571823 0.507136 0.580754 0.507136 0.571661 0.519319 0.601593 0.713101 0.569139 0.713101 0.601671 0.705049 0.556292 0.534759 0.5563 0.52117 0.564832 0.534759 0.249542 0.561397 0.243835 0.561195 0.244921 0.556544 0.505207 0.666688 0.50505 0.67317 0.473632 0.67317 0.544889 0.534759 0.544712 0.544209 0.538723 0.534759 0.552037 0.525425 0.860534 0.705038 0.860463 0.696995 0.892933 0.705048 0.795967 0.704974 0.79606 0.713101 0.473599 0.685193 0.442183 0.685192 0.473632 0.67317 0.410744 0.685137 0.410744 0.67317 0.634223 0.65 0.634254 0.666688 0.60191 0.65 0.99 0.67317 0.334583 0.616129 0.339646 0.612211 0.335243 0.61773 0.273991 0.54 0.273991 0.549824 0.24965 0.54 0.284265 0.558203 0.279592 0.561473 0.283597 0.556476 0.161383 0.459518 0.147933 0.485299 0.134505 0.446547 0.249325 0.570294 0.243635 0.569384 0.24965 0.549824 0.24965 0.554697 0.273557 0.581867 0.249216 0.581867 0.273557 0.576994 0.558267 0.507136 0.558594 0.519319 0.50371 0.705129 0.503872 0.696995 0.536674 0.705012 0.372469 0.613212 0.372464 0.606812 0.386413 0.612261 0.386417 0.606525 0.390823 0.601006 0.566231 0.507136 0.566284 0.519319 0.402185 0.705014 0.436031 0.705076 0.402185 0.713101 0.666526 0.666688 0.666528 0.67317 0.634251 0.67317 0.278734 0.556774 0.273665 0.570294 0.273882 0.561397 0.279393 0.569662 0.828115 0.705085 0.634122 0.705039 0.536595 0.713101 0.569219 0.705058 0.699254 0.713101 0.732746 0.713101 0.544847 0.559651 0.550112 0.559651 0.544692 0.5691 0.391466 0.616193 0.390801 0.617791 0.795485 0.666688 0.795569 0.67317 0.762202 0.67317 0.273882 0.561397 0.249542 0.561397 0.273991 0.554697 0.377656 0.61841 0.059764 0.57368 0.00655162 0.5334 0.0945373 0.519095 0.372448 0.586294 0.353575 0.586286 0.372433 0.576972 0.957726 0.713101 0.4 0.602628 0.391482 0.602607 0.185649 0.506984 0.178356 0.497936 0.209331 0.506984 0.556506 0.544209 0.353597 0.613189 0.634048 0.713101 0.353592 0.606788 0.339648 0.606474 0.273665 0.570294 0.273557 0.576994 0.249325 0.570294 0.141409 0.402595 0.204914 0.413723 0.168312 0.424681 0.334593 0.602543 0.335259 0.600945 0.538674 0.559651 0.544847 0.559651 0.538459 0.5691 0.557985 0.481873 0.557807 0.494056 0.552389 0.481873 0.53015 0.534759 0.53 0.544209 0.2839 0.573155 0.28315 0.574848 0.762202 0.67317 0.552432 0.494056 0.544692 0.5691 0.732852 0.705009 0.764832 0.713101 0.402185 0.696995 0.436031 0.696995 0.238963 0.572653 0.23963 0.574381 0.505349 0.65 0.505207 0.666688 0.473677 0.666688 0.550214 0.5691 0.550112 0.559651 0.556459 0.5691 0.244473 0.574916 0.469884 0.705072 0.436039 0.713101 0.239327 0.557701 0.230364 0.55748 0.240078 0.556009 0.795569 0.67317 0.761872 0.679737 0.469907 0.696995 0.23 0.572436 0.698746 0.666688 0.666526 0.666688 0.698649 0.65 0.860613 0.713101 0.399983 0.616212 0.580647 0.519319 0.552035 0.530501 0.580647 0.519319 0.580641 0.53428 0.571661 0.519319 0.116523 0.588852 0.372463 0.633714 0.353588 0.633706 0.372474 0.620555 0.503616 0.713101 0.353597 0.613189 0.372469 0.613212 0.353602 0.620537 0.14943 0.620044 0.17058 0.645796 0.122654 0.633073 0.925316 0.705057 0.469856 0.713101 0.251314 0.461462 0.281599 0.47444 0.25106 0.47444 0.925169 0.65 0.957577 0.65 0.925147 0.666688 0.353592 0.606788 0.601912 0.666688 0.564832 0.534759 0.292863 0.573375 0.925388 0.713101 0.163367 0.664296 0.553164 0.519319 0.273557 0.591691 0.249216 0.591691 0.860393 0.65 0.892775 0.65 0.860383 0.666688 0.539314 0.494056 0.530307 0.494056 0.538876 0.481873 0.293227 0.558419 0.892754 0.666688 0.18536 0.461462 0.215622 0.47444 0.185469 0.47444 0.183169 0.634437 0.530144 0.546054 0.538665 0.546061 0.530129 0.559651 0.223369 0.638787 0.184914 0.633922 0.566812 0.494056 0.566916 0.481873 0.254691 0.522093 0.250093 0.534857 0.243752 0.522093 0.666599 0.713101 0.666651 0.70509 0.281518 0.461462 0.251314 0.461462 0.242659 0.461462 0.25223 0.45 0.827989 0.65 0.828041 0.666688 0.215894 0.461462 0.530129 0.559651 0.53 0.5691 0.326077 0.602524 0.329353 0.582458 0.316558 0.579355 0.345113 0.535267 0.281518 0.461462 0.28972 0.461952 0.281599 0.47444 0.211863 0.426135 0.182478 0.439032 0.537355 0.65 0.177171 0.47444 0.176974 0.461462 0.185469 0.47444 0.254974 0.506984 0.27825 0.506984 0.254691 0.522093 0.185469 0.47444 0.215622 0.47444 0.180555 0.481131 0.442187 0.67317 0.44221 0.666688 0.473677 0.666688 0.286585 0.481064 0.318014 0.491913 0.349559 0.499882 0.286424 0.454801 0.698874 0.67317 0.666528 0.67317 0.556275 0.559651 0.564841 0.559651 0.0784107 0.431676 0.219188 0.664197 0.326065 0.616109 0.278351 0.522093 0.0980318 0.556317 0.530307 0.494056 0.539314 0.494056 0.530317 0.509012 0.442187 0.67317 0.18536 0.461462 0.278351 0.522093 0.285648 0.53123 0.634254 0.666688 0.29 0.474223 0.223369 0.638787 0.20433 0.605855 0.233236 0.610974 0.601893 0.67317 0.50505 0.67317 0.353569 0.643028 0.372441 0.643028 0.89301 0.713101 0.173983 0.522093 0.174172 0.506984 0.185662 0.522093 0.289877 0.522093 0.29 0.506984 0.18536 0.461462 0.180367 0.454805 0.215894 0.461462 0.243669 0.415 0.297892 0.426977 0.294661 0.438249 0.563918 0.392341 0.515471 0.409999 0.509148 0.39231 0.274986 0.438747 0.24347 0.426353 0.427697 0.453409 0.445142 0.402121 0.468762 0.423317 0.463504 0.468518 0.496555 0.437516 0.648651 0.429072 0.607464 0.430724 0.606223 0.404177 0.531572 0.47237 0.530946 0.422394 0.554575 0.459989 0.514218 0.491254 0.516344 0.589376 0.520054 0.620902 0.488231 0.602365 0.589052 0.628139 0.542848 0.645928 0.55341 0.628481 0.357942 0.521675 0.410048 0.481351 0.446664 0.533601 0.448514 0.498365 0.430001 0.619453 0.380804 0.577274 0.462412 0.571057 0.503023 0.514624 0.240122 0.403382 0.503856 0.565765 0.568662 0.420842 0.491819 0.645928 0.499413 0.540054 0.384458 0.437066 0.556798 0.617973 0.532488 0.606891 0.586871 0.642582 0.360293 0.476012 0.57916 0.454882 0.605744 0.459311 0.644052 0.455543 0.631211 0.473917 0.616148 0.608373 0.586522 0.618417 0.678336 0.595927 0.641117 0.587954 0.655297 0.560263 0.00325952 0.582802 0.00947041 0.580628 3.33067e-16 0.532435 0.0313594 0.62523 1.39611e-14 0.532435 0.0235657 0.472618 0.162905 0.670885 0.308023 0.63133 0.264288 0.658119 0.303198 0.626715 0.261604 0.651967 0.21992 0.670885 0.661379 0.475414 0.676616 0.473058 0.688428 0.519904 0.0291054 0.476272 0.0749013 0.426112 0.636869 0.608355 0.194713 0.399121 0.193839 0.39231 0.241819 0.396949 0.657898 0.528671 -1.94289e-16 0.532435 0.22015 0.522093 0.213944 0.534648 0.208986 0.522093 0.650324 0.497961 0.689194 0.553916 0.0957674 0.661049 0.139297 0.396431 0.642388 0.622122 0.335509 0.584635 0.301594 0.421185 0.35628 0.498776 0.352231 0.536429 0.564976 0.544209 0.340946 0.45283 0.334944 0.455807 0.320249 0.526738 0.66649 0.65 0.542932 0.555392 0.538674 0.559651 0.542928 0.550316 0.543031 0.505291 0.539287 0.509024 0.543044 0.497804 0.310507 0.560294 0.828194 0.713101 0.224284 0.47444 0.99 0.713101 0.571672 0.534284 0.567927 0.523062 0.353602 0.620537 0.567932 0.530548 0.37767 0.601624 0.220249 0.506984 0.25003 0.494209 0.243817 0.506984 0.224209 0.461462 0.214866 0.450176 0.214758 0.485689 0.278286 0.575147 0.569596 0.65 0.56956 0.666688 0.537264 0.666688 0.762448 0.666688 0.353558 0.576972 0.538467 0.544209 0.53 0.481873 0.564821 0.521164 0.249216 0.576994 0.372474 0.620555 0.249216 0.576994 0.348393 0.618377 0.957556 0.666688 0.348403 0.601591 0.564933 0.5691 0.213901 0.494439 0.254974 0.506984 0.828077 0.67317 0.892729 0.67317 0.86036 0.67317 0.143387 0.513991 0.263778 0.628626 0.299975 0.602433 0.148505 0.543084 0.16245 0.568901 0.957528 0.67317 0.957556 0.666688 0.99 0.666688 0.178257 0.531076 0.473731 0.65 0.299975 0.602433 0.291025 0.587461 0.730334 0.666688 0.73018 0.67317 0.698874 0.67317 0.410744 0.67317 0.185649 0.506984 0.209331 0.506984 0.86036 0.67317 0.860383 0.666688 0.892754 0.666688 0.698746 0.666688 0.263778 0.628626 0.281599 0.47444 0.99 0.65 0.99 0.666688 0.44221 0.666688 0.44223 0.65 0.281518 0.461462 0.185662 0.522093 0.537174 0.67317 0.537264 0.666688 0.56956 0.666688 0.410744 0.666688 0.601893 0.67317 0.601912 0.666688 0.285665 0.497915 0.264241 0.605051 0.184511 0.636329 0.300982 0.461351 0.109068 0.47933 0.828041 0.666688 0.208986 0.522093 0.410744 0.666688 0.410744 0.65 0.179949 0.591125 0.27825 0.506984 0.892729 0.67317 0.925147 0.666688 0.569521 0.67317 0.544417 0.481873 0.828077 0.67317 0.550214 0.5691 0.925122 0.67317 0.544751 0.494056 0.99 0.67317 </float_array>
          <technique_common>
            <accessor count="524" offset="0" source="#meshId5-tex0-array" stride="2">
              <param name="S" type="float" />
              <param name="T" type="float" />
            </accessor>
          </technique_common>
        </source>
        <vertices id="meshId5-vertices">
          <input semantic="POSITION" source="#meshId5-positions" />
        </vertices>
        <polylist count="540" material="defaultMaterial">
          <input offset="0" semantic="VERTEX" source="#meshId5-vertices" />
          <input offset="0" semantic="NORMAL" source="#meshId5-normals" />
          <input offset="0" semantic="TANGENT" source="#meshId5-tangents" />
          <input offset="0" semantic="BINORMAL" source="#meshId5-bitangents" />
          <input offset="0" semantic="TEXCOORD" source="#meshId5-tex0" set="0" />
          <vcount>3 3 3 3 3 3 3 3 3 3 3 3 3 3 3 3 3 3 3 3 3 3 3 3 3 3 3 3 3 3 3 3 3 3 3 3 3 3 3 3 3 3 3 3 3 3 3 3 3 3 3 3 3 3 3 3 3 3 3 3 3 3 3 3 3 3 3 3 3 3 3 3 3 3 3 3 3 3 3 3 3 3 3 3 3 3 3 3 3 3 3 3 3 3 3 3 3 3 3 3 3 3 3 3 3 3 3 3 3 3 3 3 3 3 3 3 3 3 3 3 3 3 3 3 3 3 3 3 3 3 3 3 3 3 3 3 3 3 3 3 3 3 3 3 3 3 3 3 3 3 3 3 3 3 3 3 3 3 3 3 3 3 3 3 3 3 3 3 3 3 3 3 3 3 3 3 3 3 3 3 3 3 3 3 3 3 3 3 3 3 3 3 3 3 3 3 3 3 3 3 3 3 3 3 3 3 3 3 3 3 3 3 3 3 3 3 3 3 3 3 3 3 3 3 3 3 3 3 3 3 3 3 3 3 3 3 3 3 3 3 3 3 3 3 3 3 3 3 3 3 3 3 3 3 3 3 3 3 3 3 3 3 3 3 3 3 3 3 3 3 3 3 3 3 3 3 3 3 3 3 3 3 3 3 3 3 3 3 3 3 3 3 3 3 3 3 3 3 3 3 3 3 3 3 3 3 3 3 3 3 3 3 3 3 3 3 3 3 3 3 3 3 3 3 3 3 3 3 3 3 3 3 3 3 3 3 3 3 3 3 3 3 3 3 3 3 3 3 3 3 3 3 3 3 3 3 3 3 3 3 3 3 3 3 3 3 3 3 3 3 3 3 3 3 3 3 3 3 3 3 3 3 3 3 3 3 3 3 3 3 3 3 3 3 3 3 3 3 3 3 3 3 3 3 3 3 3 3 3 3 3 3 3 3 3 3 3 3 3 3 3 3 3 3 3 3 3 3 3 3 3 3 3 3 3 3 3 3 3 3 3 3 3 3 3 3 3 3 3 3 3 3 3 3 3 3 3 3 3 3 3 3 3 3 3 3 3 3 3 3 3 3 3 3 3 3 3 3 3 3 3 3 3 3 3 3 3 3 3 3 3 3 3 3 3 3 3 3 3 3 3 3 3 3 3 3 3 3 3 3 3 3 3 3 3 3 3 3 3 3 3 3 3 3 3 3 3 3 3 3 3 3 3 3 3 3 3 3 3 3 </vcount>
          <p>0 1 2 3 4 5 6 7 8 9 10 11 12 13 14 15 16 17 18 19 20 21 22 23 24 25 26 27 28 29 30 31 32 33 34 35 36 37 38 39 40 41 42 43 44 45 21 46 47 48 49 50 51 52 53 54 55 56 57 58 59 60 61 62 63 64 65 66 67 68 57 56 69 70 71 72 73 19 74 75 76 9 24 10 77 78 75 79 80 81 82 11 10 83 84 85 86 87 88 89 90 91 92 93 94 95 96 59 97 87 98 99 100 101 102 103 13 104 105 106 107 108 109 110 108 111 112 113 102 114 115 116 117 118 119 91 90 120 121 122 123 72 124 73 125 55 42 54 126 127 128 48 129 130 131 132 133 134 109 135 136 137 138 139 140 141 107 134 142 143 144 145 146 147 16 15 148 52 113 50 111 149 150 151 152 153 154 2 1 84 155 85 122 120 90 156 53 125 157 155 158 159 160 161 162 163 164 165 166 158 167 168 169 170 171 172 173 67 174 175 176 123 32 177 30 138 159 139 178 172 171 179 169 168 129 180 181 112 50 113 182 183 114 184 96 185 186 187 188 146 145 38 60 59 96 189 190 191 192 185 95 115 193 194 195 196 197 177 198 199 200 105 193 70 69 41 39 41 72 185 201 184 202 203 204 80 79 203 69 205 124 134 133 206 207 52 51 28 35 34 208 68 56 209 210 211 25 71 70 142 212 3 213 214 215 216 104 126 217 218 219 220 221 222 55 127 43 16 148 223 24 223 25 193 104 224 225 226 227 228 229 230 97 88 87 231 38 37 232 81 80 1 233 154 176 175 234 223 235 71 236 222 221 237 14 13 238 239 99 240 241 242 243 244 245 89 91 246 241 228 247 248 249 250 221 220 251 252 253 254 255 221 256 257 171 258 259 260 261 262 263 128 222 236 4 226 225 264 265 266 267 268 240 269 249 248 270 271 167 272 127 106 45 4 3 222 262 156 263 166 165 273 35 202 33 274 275 276 19 18 72 277 278 279 163 280 281 187 186 282 283 284 285 65 0 66 286 287 288 289 290 291 292 293 294 7 6 295 276 296 297 267 298 265 299 31 300 263 125 49 301 302 191 303 162 94 304 221 255 85 305 83 17 9 11 268 269 29 306 288 287 9 17 16 212 142 307 308 309 310 311 76 75 312 285 284 313 314 259 48 47 180 260 259 314 119 315 117 212 222 3 164 94 162 316 279 278 317 318 319 320 44 43 321 22 76 322 214 323 105 22 21 71 324 69 164 92 94 325 326 327 328 306 329 330 331 332 44 300 42 287 329 306 333 334 335 336 337 338 333 339 340 341 342 343 344 343 345 339 333 335 346 347 348 349 350 351 352 345 349 353 354 355 356 357 358 359 360 361 360 344 362 363 364 365 366 344 352 334 333 367 337 345 343 368 353 355 369 336 347 355 354 370 361 362 371 342 341 372 350 369 351 365 361 371 337 369 350 373 358 374 375 357 356 338 343 342 337 336 369 371 362 366 355 365 368 361 365 364 345 337 350 362 344 366 370 363 355 344 360 341 376 360 359 360 362 361 364 359 361 360 372 341 374 358 354 371 368 365 344 345 352 357 370 358 351 369 377 343 344 341 365 355 363 343 338 337 358 370 354 374 354 353 347 336 348 377 347 378 345 350 349 369 347 377 372 360 376 378 379 380 381 356 382 383 384 385 386 387 5 373 356 358 387 386 388 5 389 386 143 390 391 392 236 304 393 394 395 396 394 397 304 397 392 398 399 400 401 391 402 403 381 384 404 405 406 407 398 400 408 143 387 397 304 396 380 379 398 409 410 411 398 412 380 385 400 413 398 407 412 389 5 4 391 401 143 347 379 378 399 379 346 384 383 403 4 414 389 415 162 303 356 416 375 356 381 403 416 356 403 402 303 401 382 356 373 379 399 398 236 392 414 383 416 403 385 413 383 414 4 236 162 415 405 407 400 385 405 404 162 274 417 393 418 334 367 417 274 276 303 402 415 406 367 404 297 419 420 347 346 379 421 154 233 410 409 260 42 49 125 422 423 334 84 158 155 420 276 297 275 424 276 425 204 203 426 427 428 367 406 418 127 55 54 429 430 431 66 0 2 21 45 106 424 275 432 110 109 108 433 73 124 253 428 427 419 297 423 45 43 127 100 99 239 434 8 7 230 247 228 334 418 422 393 395 274 104 193 105 309 431 430 276 420 417 21 106 105 423 422 419 48 128 263 310 309 430 106 127 126 96 95 185 435 148 15 106 126 104 211 436 437 324 71 235 115 114 183 43 42 55 40 199 198 438 215 214 158 166 157 439 437 436 55 125 53 98 140 139 217 231 218 204 33 202 261 260 409 440 111 108 124 41 69 199 30 177 210 436 211 441 442 443 444 445 267 321 23 22 446 434 7 447 121 176 448 449 450 276 424 296 137 451 135 433 124 205 109 134 107 36 38 145 445 444 332 452 147 146 205 69 324 453 67 66 194 116 115 235 223 148 37 218 231 47 49 31 454 245 244 455 58 57 125 263 156 266 444 267 140 98 87 456 101 100 27 29 269 169 272 167 161 139 159 242 269 240 180 129 48 457 219 218 458 161 160 213 323 214 453 174 67 459 85 155 19 181 180 224 194 193 34 29 28 425 203 79 460 230 229 223 24 16 39 72 18 434 446 290 90 123 122 461 157 166 462 191 302 193 115 200 463 441 153 71 25 223 124 72 41 216 224 104 464 443 442 74 76 22 247 242 241 465 41 40 123 176 121 20 180 47 43 45 320 254 253 427 300 31 49 25 70 466 441 463 442 70 41 467 170 258 171 49 42 300 263 49 48 307 144 468 395 469 470 212 471 472 463 153 152 9 16 24 473 474 475 410 476 411 188 477 186 470 274 395 478 479 275 480 481 482 180 20 19 293 292 483 484 485 327 449 448 81 220 212 472 486 487 488 311 75 78 489 482 118 118 117 489 490 317 319 482 489 480 432 275 479 445 332 331 142 387 143 222 212 220 446 291 290 5 142 3 491 295 6 304 255 469 492 493 460 26 10 24 477 188 494 494 495 477 64 294 62 496 265 298 497 411 476 142 5 387 498 499 500 483 501 293 484 327 326 46 320 45 221 304 236 502 503 315 442 504 464 478 505 479 81 232 449 307 142 144 317 506 318 162 404 163 423 507 335 508 94 93 404 333 163 465 467 41 466 26 25 401 303 508 136 135 509 297 296 423 510 327 485 511 512 495 460 229 492 506 220 513 198 465 40 94 508 303 304 469 396 514 464 504 339 335 507 488 515 486 515 488 516 500 517 498 245 518 243 164 281 92 282 450 187 220 472 513 509 519 136 334 423 335 299 32 31 520 132 131 150 110 111 499 498 63 197 61 60 315 119 502 487 486 519 508 144 401 274 470 275 143 401 144 469 395 396 481 480 451 144 508 468 495 494 511 451 137 481 404 367 333 183 200 115 503 502 517 333 340 280 294 64 292 516 521 515 507 423 296 237 13 103 63 62 499 522 518 178 450 282 448 517 500 503 478 490 505 519 509 487 103 102 113 195 197 60 490 319 505 181 19 73 333 280 163 212 307 471 23 46 21 307 468 471 475 523 473 163 281 164 301 191 190 522 243 518 467 466 70 506 513 318 172 178 518 474 473 521 93 468 508 521 516 474 396 395 394 </p>
        </polylist>
      </mesh>
    </geometry>
    <geometry id="meshId6" name="meshId6_name" >
      <mesh>
        <source id="meshId6-positions" name="meshId6-positions">
          <float_array id="meshId6-positions-array" count="195"> 0.602958 -0.118226 0.846942 0.60248 -0.122205 0.854849 0.61214 -0.124554 0.840518 0.611388 -0.130805 0.852937 0.603795 -0.130868 0.833017 0.603167 -0.110097 0.843822 0.612471 -0.111669 0.835572 0.603423 0.0226521 0.84638 0.603167 -0.110097 0.843822 0.603423 0.0226521 0.84638 0.594945 -0.111624 0.834484 0.604249 -0.113196 0.826234 0.594945 -0.111624 0.834484 0.604518 0.0266089 0.828928 0.612733 0.0245973 0.838198 0.604249 -0.113196 0.826234 0.61245 0.0365685 0.843622 0.603262 0.0294436 0.849457 0.603167 -0.110097 0.843822 0.604111 0.0437909 0.836713 0.594614 -0.124539 0.839441 0.602958 -0.118226 0.846942 0.612471 -0.111669 0.835572 0.595208 0.0246637 0.83711 0.602768 -0.139403 0.849977 0.59386 -0.130803 0.851888 0.60248 -0.122205 0.854849 0.611718 0.0406153 0.856237 0.608732 0.0396947 0.90663 0.60798 0.0334444 0.91905 0.600058 0.0311487 0.903681 0.594924 0.036666 0.842549 0.59419 0.0407236 0.855197 0.590449 0.0335365 0.918059 0.59885 0.0398115 0.92552 0.591203 0.0398008 0.905611 0.598396 0.0221398 0.932303 0.607649 0.020559 0.923996 0.603262 0.0294436 0.849457 0.603066 0.0495696 0.854729 0.590117 0.0206222 0.923016 0.599579 0.0271694 0.911589 0.600058 0.0311487 0.903681 0.599579 0.0271694 0.911589 0.599877 0.0483468 0.90856 0.59937 0.0190414 0.914708 0.59937 0.0190414 0.914708 0.599115 -0.113708 0.91215 0.598127 -0.117665 0.929609 0.599115 -0.113708 0.91215 0.589855 -0.115665 0.920389 0.598534 -0.134847 0.921824 0.590139 -0.127669 0.914951 0.599276 -0.1205 0.909073 0.590873 -0.131726 0.902302 0.607387 -0.115707 0.92137 0.60767 -0.127678 0.915946 0.608402 -0.131725 0.90333 0.599276 -0.1205 0.909073 0.599579 -0.140626 0.903808 0.599696 -0.122826 0.901824 0.599696 -0.122826 0.901824 0.602841 0.0317693 0.856706 0.602841 0.0317693 0.856706 0.603167 -0.110097 0.843822 </float_array>
          <technique_common>
            <accessor count="65" offset="0" source="#meshId6-positions-array" stride="3">
              <param name="X" type="float" />
              <param name="Y" type="float" />
              <param name="Z" type="float" />
            </accessor>
          </technique_common>
        </source>
        <source id="meshId6-normals" name="meshId6-normals">
          <float_array id="meshId6-normals-array" count="195"> -0.255553 0.599215 0.758706 -0.0142015 0.971216 0.237776 0.984376 0.125144 0.123864 0.953851 -0.299745 -0.0179337 -0.108895 -0.702962 -0.702842 0.140346 0.206908 0.968242 0.966558 -0.00634634 0.256369 -0.20485 -0.189219 0.960329 0.140346 0.206908 0.968242 -0.20485 -0.189219 0.960329 -0.996802 -0.000276494 0.079916 0.204007 -0.144363 -0.968267 -0.996802 -0.000276494 0.079916 0.259068 0.254553 -0.931712 0.9965 -0.0692323 0.0468558 0.204007 -0.144363 -0.968267 0.990034 0.0761309 -0.11848 0.112285 -0.77878 0.617166 0.140346 0.206908 0.968242 -0.112285 0.77878 -0.617166 -0.983952 0.176191 0.0282012 -0.255553 0.599215 0.758706 0.966558 -0.00634634 0.256369 -0.929833 0.0720215 -0.360864 0.0143486 -0.970555 -0.24045 -0.945 -0.299466 -0.131514 -0.0142015 0.971216 0.237776 0.998207 -0.00602069 0.0595559 0.985138 0.120313 0.12259 0.983087 -0.180297 -0.0321348 -0.135758 -0.951873 -0.274785 -0.990034 -0.0761309 0.11848 -0.998284 0.00610963 -0.0582472 -0.985365 -0.121555 -0.1195 0.115407 0.702507 0.702257 -0.982875 0.181608 0.0312305 -0.372573 0.165117 0.913195 0.998429 -0.00357606 0.0559238 0.112285 -0.77878 0.617166 0.209488 0.973044 -0.0964379 -0.998429 0.00357606 -0.0559238 0.249257 -0.599739 -0.760384 -0.135758 -0.951873 -0.274785 0.249257 -0.599739 -0.760384 -0.206204 0.96168 0.180695 -0.269632 -0.162806 -0.949101 -0.269632 -0.162806 -0.949101 0.373754 0.208162 -0.903867 -0.0549765 -0.220899 0.973746 0.373754 0.208162 -0.903867 -0.981048 0.0608816 -0.183951 0.11892 -0.778261 0.616578 -0.989235 -0.0799286 0.122582 -0.11892 0.778261 -0.616578 -0.988218 0.142446 -0.0559852 0.968858 -0.0832525 0.2332 0.989235 0.0799286 -0.122582 0.988018 0.142304 0.0597536 -0.11892 0.778261 -0.616578 -0.00518435 -0.99603 0.0888699 0.0086399 0.988941 -0.148056 0.0086399 0.988941 -0.148056 0.183977 -0.975149 0.123435 0.183977 -0.975149 0.123435 0.140346 0.206908 0.968242 </float_array>
          <technique_common>
            <accessor count="65" offset="0" source="#meshId6-normals-array" stride="3">
              <param name="X" type="float" />
              <param name="Y" type="float" />
              <param name="Z" type="float" />
            </accessor>
          </technique_common>
        </source>
        <source id="meshId6-tangents" name="meshId6-tangents">
          <float_array id="meshId6-tangents-array" count="195"> -0.0272299 -0.788914 0.6139 -0.0544285 -0.238199 0.96969 0.00699938 -0.730718 0.682643 -0.059006 -0.245658 0.967559 -0.0401332 -0.703361 0.709699 0.0305552 -0.97836 0.204642 -0.00151943 -0.999818 -0.0190217 0.0045124 -0.981308 -0.19239 0.0305552 -0.97836 0.204642 -0.0020629 -0.98105 -0.193742 -0.00128163 -0.99981 -0.0194451 0.0178378 -0.988355 0.151116 0.0305615 -0.925303 0.377996 0.00261998 -0.964827 -0.262872 -0.0550748 -0.965352 -0.255071 -0.0352868 -0.989509 0.140095 -0.0386133 -0.662311 -0.748234 0.0345844 -0.617654 -0.785689 -0.0286065 -0.976665 0.212855 0.0225712 -0.618934 -0.785118 -0.105805 -0.703385 0.70289 0.00272206 -0.784315 0.620357 -0.0904463 -0.94389 0.317634 0.00902958 -0.975899 -0.218037 -0.0619512 -0.240876 0.968577 -0.05613 -0.247642 0.967224 -0.0681762 -0.238187 0.968823 0.0577951 -0.1621 -0.98508 0.0895367 0.24937 -0.96426 0.10949 0.719278 -0.68604 0.075054 0.266675 -0.96086 -0.0313476 -0.701056 -0.712417 0.0566564 -0.1512 -0.986878 -0.00627092 0.726431 -0.68721 0.0295598 0.704239 -0.709347 0.0145595 0.245483 -0.969292 0.0136429 0.984912 -0.172519 0.0135271 0.98383 -0.178593 0.054514 -0.61533 -0.786382 0.0771364 -0.114764 -0.990393 0.0128838 0.985877 -0.166978 0.027451 0.789226 -0.613489 0.0608838 0.268813 -0.961266 0.0101814 0.786745 -0.617193 0.0752026 0.199693 -0.976968 0.00945798 0.985109 -0.171669 0.0132005 0.984887 -0.172695 -0.00274194 0.974735 0.223349 0.00967348 0.975057 0.221743 -0.0100119 0.97534 0.220482 0.01331 0.968287 0.249486 -0.0252778 0.61841 0.785449 0.038238 0.667376 0.743738 -0.0303954 0.61784 0.785716 -0.0333425 0.156641 0.987093 0.0299225 0.974247 0.22349 0.0320698 0.69889 0.71451 -0.0806622 0.146021 0.985988 -0.0521619 0.61523 0.78662 -0.0699723 0.0890146 0.993569 -0.0578816 0.148308 0.987246 -0.0578816 0.148308 0.987246 0.0505462 -0.116027 -0.991959 0.051737 -0.115798 -0.991925 -0.045605 -0.975532 0.215077 </float_array>
          <technique_common>
            <accessor count="65" offset="0" source="#meshId6-tangents-array" stride="3">
              <param name="X" type="float" />
              <param name="Y" type="float" />
              <param name="Z" type="float" />
            </accessor>
          </technique_common>
        </source>
        <source id="meshId6-bitangents" name="meshId6-bitangents">
          <float_array id="meshId6-bitangents-array" count="195"> 0.966412 0.136224 0.217926 0.998417 0.000829259 0.0562446 0.175938 -0.671111 -0.720178 -0.294427 -0.921849 -0.252008 -0.993243 0.10549 0.0483801 0.989631 0.000864286 -0.143631 0.256443 0.0179961 -0.966392 0.978783 -0.0350777 0.201875 0.989631 0.00086429 -0.143631 0.978791 -0.0416691 0.200578 0.0799062 -0.0194854 0.996612 -0.978807 -0.0481006 -0.199057 0.073842 0.379229 0.922352 -0.965856 0.0656606 -0.250623 0.0628915 0.251598 -0.965786 -0.978333 0.0055866 -0.206961 -0.135434 0.745351 -0.65277 0.993074 0.109566 -0.0424199 0.989689 -0.0575712 -0.131152 -0.99342 -0.102087 0.0519192 0.143679 0.688626 0.710739 0.966791 0.160599 0.198803 0.239968 -0.330199 -0.912899 -0.36787 -0.205996 0.906773 -0.997976 0.000998442 -0.0635833 -0.322219 0.921408 0.217213 0.997572 -0.00245193 0.0695964 0.0155849 0.986756 -0.161461 -0.146583 0.960906 0.234891 0.146805 0.670919 0.726854 0.987895 -0.151068 0.0352387 0.137298 -0.709031 0.691683 -0.0148364 -0.988484 0.150594 0.170342 -0.676404 -0.716562 -0.992878 0.102623 0.0605085 -0.183697 -0.952238 -0.243923 -0.927903 -0.0518171 -0.369204 -0.0543808 0.179069 0.982332 0.99218 0.121943 -0.0266381 -0.974764 0.200037 -0.0990989 0.0545368 -0.167436 -0.984373 0.968048 0.132043 0.213183 0.98887 -0.14723 0.0214601 0.968384 0.146098 0.202208 -0.975615 -0.187866 -0.113498 0.962917 -0.0552642 -0.264078 0.962873 -0.0590927 -0.263408 0.927524 -0.0809992 0.364882 -0.998441 0.0216101 -0.0514684 0.927474 -0.0733566 0.366622 0.193307 0.242309 -0.950746 -0.992582 -0.108991 0.0538684 -0.141254 0.740419 -0.657136 0.992439 0.112178 -0.0498178 0.149377 0.977329 -0.150046 -0.2458 -0.209552 0.946398 0.142781 -0.710749 0.688803 0.131585 -0.978993 0.15575 0.991533 0.125706 -0.0325674 -0.997535 -0.00106741 -0.0701559 0.998286 4.00404e-05 0.0585229 0.998286 4.00394e-05 0.0585229 0.98163 0.188737 0.0279438 0.981568 0.188877 0.0291473 0.989052 -0.0743417 -0.127476 </float_array>
          <technique_common>
            <accessor count="65" offset="0" source="#meshId6-bitangents-array" stride="3">
              <param name="X" type="float" />
              <param name="Y" type="float" />
              <param name="Z" type="float" />
            </accessor>
          </technique_common>
        </source>
        <source id="meshId6-tex0" name="meshId6-tex0">
          <float_array id="meshId6-tex0-array" count="130"> 0.695351 0.59 0.700717 0.59 0.695446 0.595366 0.700904 0.595338 0.69529 0.600804 0.891775 0.59 0.891775 0.595371 0.833463 0.59 0.891775 0.611475 0.833523 0.611475 0.891775 0.606102 0.69 0.600695 0.69 0.606511 0.832992 0.600677 0.833284 0.595347 0.891775 0.600735 0.828188 0.595809 0.828576 0.59 0.69 0.59 0.828076 0.601073 0.695364 0.605887 0.695535 0.611475 0.69 0.59558 0.833348 0.606081 0.700828 0.600725 0.700935 0.606106 0.700787 0.611475 0.823168 0.595349 0.801836 0.595265 0.796293 0.595619 0.801721 0.59 0.828222 0.605928 0.823135 0.606393 0.796417 0.606159 0.79636 0.600686 0.801846 0.60607 0.791268 0.600736 0.790946 0.595299 0.828798 0.611475 0.822848 0.600802 0.790964 0.60605 0.796236 0.611475 0.801634 0.611475 0.796376 0.59 0.801769 0.600737 0.790788 0.611475 0.790783 0.59 0.732592 0.59 0.732079 0.600807 0.732559 0.611475 0.732374 0.606151 0.72716 0.600435 0.727275 0.605701 0.727676 0.611475 0.722238 0.60624 0.73243 0.595422 0.727305 0.595582 0.722227 0.59517 0.727866 0.59 0.721946 0.600698 0.722912 0.59 0.722848 0.611475 0.823762 0.59 0.823833 0.611475 0.69 0.611475 </float_array>
          <technique_common>
            <accessor count="65" offset="0" source="#meshId6-tex0-array" stride="2">
              <param name="S" type="float" />
              <param name="T" type="float" />
            </accessor>
          </technique_common>
        </source>
        <vertices id="meshId6-vertices">
          <input semantic="POSITION" source="#meshId6-positions" />
        </vertices>
        <polylist count="96" material="defaultMaterial">
          <input offset="0" semantic="VERTEX" source="#meshId6-vertices" />
          <input offset="0" semantic="NORMAL" source="#meshId6-normals" />
          <input offset="0" semantic="TANGENT" source="#meshId6-tangents" />
          <input offset="0" semantic="BINORMAL" source="#meshId6-bitangents" />
          <input offset="0" semantic="TEXCOORD" source="#meshId6-tex0" set="0" />
          <vcount>3 3 3 3 3 3 3 3 3 3 3 3 3 3 3 3 3 3 3 3 3 3 3 3 3 3 3 3 3 3 3 3 3 3 3 3 3 3 3 3 3 3 3 3 3 3 3 3 3 3 3 3 3 3 3 3 3 3 3 3 3 3 3 3 3 3 3 3 3 3 3 3 3 3 3 3 3 3 3 3 3 3 3 3 3 3 3 3 3 3 3 3 3 3 3 3 </vcount>
          <p>0 1 2 2 3 4 5 6 7 8 9 10 11 4 12 13 14 15 16 17 14 0 2 18 19 16 13 20 21 12 22 2 11 13 15 23 24 25 4 25 26 20 16 27 17 28 29 30 31 32 19 33 34 35 36 37 34 31 38 32 39 27 19 40 36 33 13 23 19 41 33 42 29 37 43 44 34 28 41 45 33 46 37 47 23 9 31 36 48 37 49 50 45 51 48 52 52 53 54 55 56 47 52 50 53 48 51 55 56 57 58 59 51 54 56 51 57 48 36 50 3 1 57 57 59 3 60 57 1 24 3 59 44 28 39 61 26 54 27 39 28 54 25 59 24 59 25 25 54 26 39 32 44 27 28 62 35 32 42 63 42 32 35 44 32 30 62 28 35 42 33 46 43 37 40 45 50 59 57 51 22 18 2 50 52 48 64 12 21 29 28 34 55 47 37 16 19 27 20 4 25 40 33 45 56 55 51 55 37 48 52 54 51 14 13 16 34 33 36 10 23 15 40 50 36 43 30 29 39 19 32 21 20 26 4 11 2 44 35 34 29 34 37 31 19 23 32 38 63 58 57 60 31 9 38 47 56 58 53 50 49 14 17 7 17 27 62 54 53 61 23 10 9 3 2 1 14 7 6 20 12 4 6 15 14 24 4 3 </p>
        </polylist>
      </mesh>
    </geometry>
    <geometry id="meshId7" name="meshId7_name" >
      <mesh>
        <source id="meshId7-positions" name="meshId7-positions">
          <float_array id="meshId7-positions-array" count="57"> 0.530606 -0.0129551 0.927449 0.507364 0.0509189 0.932817 0.337911 -0.0478516 0.941387 0.212138 -0.198583 0.943555 0.270989 -0.232364 0.936892 0.212138 0.101764 0.959821 0.168458 0.0494153 0.960574 0.145216 -0.0146645 0.959013 0.145216 -0.0827471 0.955326 0.507364 -0.145119 0.9222 0.530606 -0.0810388 0.923762 0.463684 0.10288 0.93922 0.337911 -0.243889 0.93077 0.404833 -0.23177 0.92593 0.168458 -0.146622 0.949957 0.463684 -0.197467 0.922953 0.270989 0.136067 0.956845 0.337911 0.148186 0.952004 0.404833 0.13666 0.945883 </float_array>
          <technique_common>
            <accessor count="19" offset="0" source="#meshId7-positions-array" stride="3">
              <param name="X" type="float" />
              <param name="Y" type="float" />
              <param name="Z" type="float" />
            </accessor>
          </technique_common>
        </source>
        <source id="meshId7-normals" name="meshId7-normals">
          <float_array id="meshId7-normals-array" count="57"> 0.0818541 -0.0538973 0.995186 0.0818541 -0.0538973 0.995186 0.0818541 -0.0538973 0.995186 0.0818541 -0.0538973 0.995186 0.0818541 -0.0538973 0.995186 0.0818541 -0.0538973 0.995186 0.0818541 -0.0538973 0.995186 0.0818541 -0.0538973 0.995186 0.0818541 -0.0538973 0.995186 0.0818541 -0.0538973 0.995186 0.0818541 -0.0538973 0.995186 0.0818541 -0.0538973 0.995186 0.0818541 -0.0538973 0.995186 0.0818541 -0.0538973 0.995186 0.0818541 -0.0538973 0.995186 0.0818541 -0.0538973 0.995186 0.0818541 -0.0538973 0.995186 0.0818541 -0.0538973 0.995186 0.0818541 -0.0538973 0.995186 </float_array>
          <technique_common>
            <accessor count="19" offset="0" source="#meshId7-normals-array" stride="3">
              <param name="X" type="float" />
              <param name="Y" type="float" />
              <param name="Z" type="float" />
            </accessor>
          </technique_common>
        </source>
        <source id="meshId7-tangents" name="meshId7-tangents">
          <float_array id="meshId7-tangents-array" count="57"> -0.640629 0.762079 0.0939645 -0.640632 0.762077 0.0939646 -0.640631 0.762078 0.0939646 -0.64063 0.762078 0.0939646 -0.64063 0.762079 0.0939646 -0.640631 0.762078 0.0939646 -0.640632 0.762077 0.0939646 -0.640632 0.762077 0.0939646 -0.640628 0.76208 0.0939645 -0.640632 0.762077 0.0939646 -0.64063 0.762079 0.0939645 -0.640633 0.762076 0.0939646 -0.640631 0.762078 0.0939646 -0.64063 0.762078 0.0939646 -0.640629 0.76208 0.0939645 -0.640631 0.762078 0.0939646 -0.64063 0.762078 0.0939646 -0.640631 0.762078 0.0939646 -0.64063 0.762078 0.0939646 </float_array>
          <technique_common>
            <accessor count="19" offset="0" source="#meshId7-tangents-array" stride="3">
              <param name="X" type="float" />
              <param name="Y" type="float" />
              <param name="Z" type="float" />
            </accessor>
          </technique_common>
        </source>
        <source id="meshId7-bitangents" name="meshId7-bitangents">
          <float_array id="meshId7-bitangents-array" count="57"> -0.763475 -0.645237 0.0278511 -0.763473 -0.645239 0.0278508 -0.763474 -0.645238 0.0278509 -0.763474 -0.645238 0.0278509 -0.763474 -0.645237 0.027851 -0.763474 -0.645238 0.0278509 -0.763473 -0.645239 0.0278508 -0.763472 -0.64524 0.0278507 -0.763476 -0.645236 0.0278512 -0.763473 -0.645239 0.0278508 -0.763474 -0.645237 0.027851 -0.763472 -0.64524 0.0278506 -0.763473 -0.645238 0.0278509 -0.763474 -0.645238 0.027851 -0.763475 -0.645236 0.0278512 -0.763474 -0.645238 0.0278509 -0.763474 -0.645238 0.027851 -0.763474 -0.645238 0.0278509 -0.763474 -0.645238 0.027851 </float_array>
          <technique_common>
            <accessor count="19" offset="0" source="#meshId7-bitangents-array" stride="3">
              <param name="X" type="float" />
              <param name="Y" type="float" />
              <param name="Z" type="float" />
            </accessor>
          </technique_common>
        </source>
        <source id="meshId7-tex0" name="meshId7-tex0">
          <float_array id="meshId7-tex0-array" count="38"> 0.25 0.0593912 0.413176 5.55112e-15 0.5 0.492404 0.413176 0.984807 0.25 0.925416 1 0.492404 0.969846 0.663414 0.883022 0.813797 0.75 0.925416 0.0301537 0.321394 0.116978 0.17101 0.586824 1.46549e-14 0.116978 0.813797 0.0301537 0.663414 0.586824 0.984807 1.55431e-15 0.492404 0.969846 0.321394 0.883022 0.17101 0.75 0.0593912 </float_array>
          <technique_common>
            <accessor count="19" offset="0" source="#meshId7-tex0-array" stride="2">
              <param name="S" type="float" />
              <param name="T" type="float" />
            </accessor>
          </technique_common>
        </source>
        <vertices id="meshId7-vertices">
          <input semantic="POSITION" source="#meshId7-positions" />
        </vertices>
        <polylist count="18" material="defaultMaterial">
          <input offset="0" semantic="VERTEX" source="#meshId7-vertices" />
          <input offset="0" semantic="NORMAL" source="#meshId7-normals" />
          <input offset="0" semantic="TANGENT" source="#meshId7-tangents" />
          <input offset="0" semantic="BINORMAL" source="#meshId7-bitangents" />
          <input offset="0" semantic="TEXCOORD" source="#meshId7-tex0" set="0" />
          <vcount>3 3 3 3 3 3 3 3 3 3 3 3 3 3 3 3 3 3 </vcount>
          <p>0 1 2 3 4 2 5 6 2 7 8 2 9 10 2 1 11 2 10 0 2 12 13 2 8 14 2 15 9 2 16 5 2 17 16 2 4 12 2 11 18 2 6 7 2 14 3 2 18 17 2 15 2 13 </p>
        </polylist>
      </mesh>
    </geometry>
    <geometry id="meshId8" name="meshId8_name" >
      <mesh>
        <source id="meshId8-positions" name="meshId8-positions">
          <float_array id="meshId8-positions-array" count="162"> -0.644013 -0.108857 0.505836 -0.640352 0.155737 0.564618 -0.619131 -0.108837 0.5042 -0.63293 -0.149373 0.673865 -0.608047 -0.149354 0.672228 -0.629269 0.115221 0.732646 -0.641733 -0.0874338 0.54076 -0.61685 -0.0874145 0.539123 -0.638919 0.12074 0.585992 -0.634363 -0.114375 0.65249 -0.631549 0.0937988 0.697723 -0.609481 -0.114356 0.650854 -0.649646 -0.129114 0.589851 -0.638919 0.12074 0.585992 -0.641733 -0.0874338 0.54076 -0.642834 0.135479 0.648632 -0.643584 0.107269 0.641858 -0.649646 -0.129114 0.589851 -0.648896 -0.100904 0.596625 -0.604766 -0.101066 0.595738 -0.605516 -0.129276 0.588964 -0.61685 -0.0874145 0.539123 -0.605516 -0.129276 0.588964 -0.609481 -0.114356 0.650854 -0.608047 -0.149354 0.672228 -0.604387 0.11524 0.73101 -0.606667 0.0938181 0.696086 -0.598705 0.135318 0.647745 -0.599455 0.107108 0.640971 -0.614037 0.120759 0.584356 -0.61547 0.155757 0.562981 -0.631549 0.0937988 0.697723 -0.599455 0.107108 0.640971 -0.643584 0.107269 0.641858 -0.614037 0.120759 0.584356 -0.648896 -0.100904 0.596625 -0.634363 -0.114375 0.65249 -0.604766 -0.101066 0.595738 -0.634363 -0.114375 0.65249 -0.642834 0.135479 0.648632 -0.629269 0.115221 0.732646 -0.598705 0.135318 0.647745 -0.604387 0.11524 0.73101 -0.606667 0.0938181 0.696086 -0.631549 0.0937988 0.697723 -0.63293 -0.149373 0.673865 -0.608047 -0.149354 0.672228 -0.61685 -0.0874145 0.539123 -0.638919 0.12074 0.585992 -0.641733 -0.0874338 0.54076 -0.609481 -0.114356 0.650854 -0.604387 0.11524 0.73101 -0.614037 0.120759 0.584356 -0.606667 0.0938181 0.696086 </float_array>
          <technique_common>
            <accessor count="54" offset="0" source="#meshId8-positions-array" stride="3">
              <param name="X" type="float" />
              <param name="Y" type="float" />
              <param name="Z" type="float" />
            </accessor>
          </technique_common>
        </source>
        <source id="meshId8-normals" name="meshId8-normals">
          <float_array id="meshId8-normals-array" count="162"> -0.842773 -0.245877 -0.47883 -0.883881 0.286958 -0.369335 0.525589 -0.401456 -0.75006 -0.794062 -0.562029 0.231492 0.827627 -0.355832 0.434069 -0.525542 0.401187 0.750236 0.0642944 -0.21272 0.974996 0.0642944 -0.21272 0.974996 0.0642944 -0.21272 0.974996 -0.0642944 0.21272 -0.974996 -0.0642944 0.21272 -0.974996 -0.0642944 0.21272 -0.974996 -0.0104012 -0.972235 -0.233776 -0.998314 -0.0539542 -0.0214089 -0.998666 0.0515526 -0.00308797 -0.993787 -0.0343134 0.105874 -0.999135 -0.0330195 0.0252958 -0.994498 0.0673996 0.0801985 -0.997755 0.0106428 0.0661241 0.997818 -0.0108844 -0.0651249 0.997754 0.0398152 -0.0538588 0.992571 0.0336574 -0.116916 -0.01039 -0.972276 -0.233606 0.999788 0.00867452 0.0187013 0.827627 -0.355832 0.434069 0.842718 0.245337 0.479204 0.998637 -0.0520421 0.00391297 0.99786 -0.0637918 -0.0143724 0.991392 -0.055879 -0.118404 0.982859 -0.0650968 -0.172483 0.857721 0.452814 -0.243461 -0.99249 -0.0340064 0.117506 -0.0104152 -0.972233 -0.233782 -0.0104006 -0.972287 -0.23356 -0.0114834 -0.972175 -0.233976 0.0104144 0.972237 0.233768 0.0114841 0.972174 0.23398 0.0104012 0.972285 0.233568 -0.984209 0.0194881 0.175934 0.0103897 0.972277 0.233603 -0.525542 0.401187 0.750236 0.0104016 0.972233 0.233783 0.842718 0.245337 0.479204 -0.0147817 -0.971589 -0.236214 -0.0115084 -0.972055 -0.234472 -0.794062 -0.562029 0.231492 0.827627 -0.355832 0.434069 0.0115074 0.972057 0.234461 -0.0147378 -0.971751 -0.235549 0.0147792 0.971598 0.236176 0.0147397 0.971744 0.235577 0.842718 0.245337 0.479204 0.0642944 -0.21272 0.974996 -0.0642944 0.21272 -0.974996 </float_array>
          <technique_common>
            <accessor count="54" offset="0" source="#meshId8-normals-array" stride="3">
              <param name="X" type="float" />
              <param name="Y" type="float" />
              <param name="Z" type="float" />
            </accessor>
          </technique_common>
        </source>
        <source id="meshId8-tangents" name="meshId8-tangents">
          <float_array id="meshId8-tangents-array" count="162"> 0.0532247 -0.923281 0.380421 0.107627 -0.643685 -0.757685 -0.0678804 -0.898635 0.433413 0.450919 -0.800061 -0.395695 -0.220396 -0.917272 -0.331719 -0.344941 -0.906581 0.24316 0.0140189 0.977113 0.212257 0.014019 0.977113 0.212257 0.0140199 0.977113 0.212257 -0.0132054 -0.977113 -0.212311 -0.0132039 -0.977113 -0.212311 -0.0132053 -0.977113 -0.212311 0.0605677 -0.233972 0.970355 0.0572778 -0.975469 -0.212553 -0.0496678 -0.9751 -0.216133 0.00995038 -0.97487 -0.222554 0.0266844 -0.975327 -0.219147 -0.0832917 -0.973032 -0.21511 -0.0250114 -0.975075 -0.220459 -0.0245497 -0.976767 -0.212892 0.0272328 -0.975819 -0.216878 0.00696229 -0.975112 -0.221604 0.0605691 -0.233802 0.970396 0.0125067 -0.976373 -0.21573 -0.206714 -0.912239 -0.35368 0.291268 -0.956375 -0.0225853 -0.0499552 -0.974904 -0.216948 -0.06539 -0.974573 -0.214317 -0.0797037 -0.975047 -0.207198 -0.100497 -0.973539 -0.205237 0.155394 -0.679743 -0.7168 0.00728934 -0.975317 -0.22069 0.0649626 -0.233958 0.970074 0.0649626 -0.233736 0.970127 0.0649283 -0.234223 0.970012 -0.063535 0.233951 -0.97017 -0.0636553 0.234232 -0.970095 -0.0635466 0.233751 -0.970218 -0.0570721 -0.975778 -0.211186 -0.0674739 0.233765 -0.969949 -0.475878 0.592359 -0.650116 -0.0674719 0.233945 -0.969906 0.364761 0.394465 -0.843414 0.0649554 -0.236674 0.969415 0.0649784 -0.234719 0.969889 0.321218 -0.0646856 0.944794 -0.479248 -0.0454615 0.876501 -0.0634088 0.234714 -0.969994 0.0649049 -0.236007 0.969581 -0.0633815 0.236638 -0.969528 -0.063637 0.236037 -0.969658 0.305304 -0.950939 -0.0500523 0.0140199 0.977113 0.212257 -0.0132038 -0.977113 -0.212311 </float_array>
          <technique_common>
            <accessor count="54" offset="0" source="#meshId8-tangents-array" stride="3">
              <param name="X" type="float" />
              <param name="Y" type="float" />
              <param name="Z" type="float" />
            </accessor>
          </technique_common>
        </source>
        <source id="meshId8-bitangents" name="meshId8-bitangents">
          <float_array id="meshId8-bitangents-array" count="162"> -0.535631 0.295123 0.791203 -0.45516 -0.709454 0.538056 -0.848027 -0.176883 -0.499563 0.407599 -0.209822 0.888728 0.516196 0.178873 -0.837583 0.777703 -0.130996 0.614832 -0.997833 2.14372e-05 0.065805 -0.997832 2.15108e-05 0.065805 -0.997832 2.23648e-05 0.0658052 -0.997844 -0.000775206 0.0656319 -0.997844 -0.000776665 0.0656316 -0.997844 -0.000775322 0.0656319 -0.99811 -0.00406644 0.0613196 -0.00941558 -0.213421 0.976915 -0.0141533 -0.215692 0.976359 0.11085 -0.220118 0.969154 0.0319078 -0.218282 0.975364 0.0635374 -0.220606 0.973291 0.0621297 -0.221618 0.973152 -0.0612947 0.214026 -0.974903 -0.0611915 0.214924 -0.974712 -0.121465 0.219144 -0.968102 -0.99811 -0.00406694 0.0613191 0.0163881 0.215918 -0.976274 0.521826 0.202987 -0.828549 0.452757 0.15861 -0.877413 0.0151052 0.216457 -0.976175 -0.000335319 0.214798 -0.976659 -0.103871 0.214851 -0.971107 -0.154559 0.219053 -0.963394 -0.490068 0.576982 -0.653395 0.122111 -0.218176 0.96824 -0.997833 -0.0050835 0.0655955 -0.997833 -0.00508273 0.0655933 -0.997824 -0.00405266 0.0658114 -0.997925 -0.00474869 0.0642075 -0.997906 -0.00375341 0.064574 -0.997925 -0.00475101 0.0642167 0.167557 -0.217892 0.961482 -0.997667 -0.00568461 0.0680321 -0.705227 -0.698685 -0.120393 -0.997667 -0.00568522 0.0680318 -0.39595 0.885555 0.242934 -0.997779 -0.00101378 0.0666084 -0.99782 -0.00407368 0.0658638 -0.516028 0.824584 0.231898 -0.292154 -0.933443 -0.208157 -0.997921 -0.0037048 0.0643379 -0.997783 -0.000998776 0.0665496 -0.99788 -0.000640349 0.0650786 -0.997864 -0.000698985 0.065318 0.443414 0.188483 -0.876275 -0.997833 2.24393e-05 0.0658052 -0.997844 -0.000776783 0.0656316 </float_array>
          <technique_common>
            <accessor count="54" offset="0" source="#meshId8-bitangents-array" stride="3">
              <param name="X" type="float" />
              <param name="Y" type="float" />
              <param name="Z" type="float" />
            </accessor>
          </technique_common>
        </source>
        <source id="meshId8-tex0" name="meshId8-tex0">
          <float_array id="meshId8-tex0-array" count="108"> 0.876306 0.499794 0.760931 0.500193 0.87627 0.489184 0.87735 0.574345 0.877349 0.584955 0.761984 0.574333 0.770338 0.409838 0.770346 0.399228 0.860987 0.409912 0.721338 0.409816 0.630689 0.409816 0.721339 0.399206 0.912865 0.504413 0.773524 0.512287 0.864184 0.512379 0.761404 0.537006 0.773754 0.536817 0.877134 0.536826 0.864775 0.536994 0.864694 0.451362 0.877034 0.451625 0.864105 0.476665 0.913652 0.485649 0.865144 0.427172 0.877719 0.415045 0.762326 0.415045 0.774463 0.4276 0.76132 0.451643 0.773655 0.451894 0.773461 0.477431 0.760894 0.489583 0.774136 0.561786 0.886127 0.39472 0.885257 0.41348 0.860996 0.399302 0.746131 0.41443 0.721338 0.409816 0.745288 0.395669 0.864798 0.562208 0.724315 0.503728 0.687237 0.50045 0.723397 0.48497 0.6872 0.48984 0.91 0.39935 0.909989 0.40996 0.95 0.499541 0.949964 0.488932 0.770346 0.399228 0.860987 0.409912 0.770338 0.409838 0.721339 0.399206 0.761984 0.584943 0.860996 0.399302 0.630689 0.399206 </float_array>
          <technique_common>
            <accessor count="54" offset="0" source="#meshId8-tex0-array" stride="2">
              <param name="S" type="float" />
              <param name="T" type="float" />
            </accessor>
          </technique_common>
        </source>
        <vertices id="meshId8-vertices">
          <input semantic="POSITION" source="#meshId8-positions" />
        </vertices>
        <polylist count="48" material="defaultMaterial">
          <input offset="0" semantic="VERTEX" source="#meshId8-vertices" />
          <input offset="0" semantic="NORMAL" source="#meshId8-normals" />
          <input offset="0" semantic="TANGENT" source="#meshId8-tangents" />
          <input offset="0" semantic="BINORMAL" source="#meshId8-bitangents" />
          <input offset="0" semantic="TEXCOORD" source="#meshId8-tex0" set="0" />
          <vcount>3 3 3 3 3 3 3 3 3 3 3 3 3 3 3 3 3 3 3 3 3 3 3 3 3 3 3 3 3 3 3 3 3 3 3 3 3 3 3 3 3 3 3 3 3 3 3 3 </vcount>
          <p>0 1 2 3 4 5 6 7 8 9 10 11 0 2 12 13 1 14 15 1 16 13 16 1 0 17 14 18 14 17 19 20 21 22 12 2 2 21 20 20 23 24 25 26 27 28 27 26 29 30 28 5 15 31 32 33 34 35 36 37 16 31 15 5 31 3 18 17 38 39 40 41 42 41 40 43 44 32 33 32 44 12 22 45 46 45 22 27 28 30 37 47 35 19 23 20 17 3 38 48 34 33 41 30 39 49 35 47 29 21 30 25 24 26 1 39 30 50 37 36 23 26 24 0 14 1 51 5 4 30 2 1 52 8 7 53 11 10 38 3 31 2 30 21 </p>
        </polylist>
      </mesh>
    </geometry>
  </library_geometries>
  <library_visual_scenes>
    <visual_scene id="root" name="root">
      <node id="Mesh1" name="Mesh1">
        <matrix>1 0 0 0 0 1 0 0 0 0 1 0 0 0 0 1</matrix>
        <instance_geometry url="#meshId0">
          <bind_material>
            <technique_common>
              <instance_material symbol="defaultMaterial" target="#_1" />
            </technique_common>
          </bind_material>
        </instance_geometry>
      </node>
      <node id="Mesh2" name="Mesh2">
        <matrix>1 0 0 0 0 1 0 0 0 0 1 0 0 0 0 1</matrix>
        <instance_geometry url="#meshId1">
          <bind_material>
            <technique_common>
              <instance_material symbol="defaultMaterial" target="#_1" />
            </technique_common>
          </bind_material>
        </instance_geometry>
      </node>
      <node id="Mesh3" name="Mesh3">
        <matrix>1 0 0 0 0 1 0 0 0 0 1 0 0 0 0 1</matrix>
        <instance_geometry url="#meshId2">
          <bind_material>
            <technique_common>
              <instance_material symbol="defaultMaterial" target="#_1" />
            </technique_common>
          </bind_material>
        </instance_geometry>
      </node>
      <node id="Mesh4" name="Mesh4">
        <matrix>1 0 0 0 0 1 0 0 0 0 1 0 0 0 0 1</matrix>
        <instance_geometry url="#meshId3">
          <bind_material>
            <technique_common>
              <instance_material symbol="defaultMaterial" target="#_1" />
            </technique_common>
          </bind_material>
        </instance_geometry>
      </node>
      <node id="Mesh5" name="Mesh5">
        <matrix>1 0 0 0 0 1 0 0 0 0 1 0 0 0 0 1</matrix>
        <instance_geometry url="#meshId4">
          <bind_material>
            <technique_common>
              <instance_material symbol="defaultMaterial" target="#_2" />
            </technique_common>
          </bind_material>
        </instance_geometry>
      </node>
      <node id="Mesh6" name="Mesh6">
        <matrix>1 0 0 0 0 1 0 0 0 0 1 0 0 0 0 1</matrix>
        <instance_geometry url="#meshId5">
          <bind_material>
            <technique_common>
              <instance_material symbol="defaultMaterial" target="#_1" />
            </technique_common>
          </bind_material>
        </instance_geometry>
      </node>
      <node id="Mesh7" name="Mesh7">
        <matrix>1 0 0 0 0 1 0 0 0 0 1 0 0 0 0 1</matrix>
        <instance_geometry url="#meshId6">
          <bind_material>
            <technique_common>
              <instance_material symbol="defaultMaterial" target="#_1" />
            </technique_common>
          </bind_material>
        </instance_geometry>
      </node>
      <node id="Mesh8" name="Mesh8">
        <matrix>1 0 0 0 0 1 0 0 0 0 1 0 0 0 0 1</matrix>
        <instance_geometry url="#meshId7">
          <bind_material>
            <technique_common>
              <instance_material symbol="defaultMaterial" target="#_2" />
            </technique_common>
          </bind_material>
        </instance_geometry>
      </node>
      <node id="Mesh9" name="Mesh9">
        <matrix>1 0 0 0 0 1 0 0 0 0 1 0 0 0 0 1</matrix>
        <instance_geometry url="#meshId8">
          <bind_material>
            <technique_common>
              <instance_material symbol="defaultMaterial" target="#_1" />
            </technique_common>
          </bind_material>
        </instance_geometry>
      </node>
    </visual_scene>
  </library_visual_scenes>
  <scene>
    <instance_visual_scene url="#root" />
  </scene>
</COLLADA>
